solid 
 facet normal  8.660254e-01  5.000000e-01  0.000000e+00
   outer loop
     vertex  4.050000e+01  2.598076e+00  0.000000e+00
     vertex  4.200000e+01  0.000000e+00  3.000000e-01
     vertex  4.200000e+01  0.000000e+00  0.000000e+00
   endloop
 endfacet
 facet normal  8.660254e-01  5.000000e-01 -0.000000e+00
   outer loop
     vertex  4.050000e+01  2.598076e+00  0.000000e+00
     vertex  4.050000e+01  2.598076e+00  3.000000e-01
     vertex  4.200000e+01  0.000000e+00  3.000000e-01
   endloop
 endfacet
 facet normal  0.000000e+00  1.000000e+00  0.000000e+00
   outer loop
     vertex  3.050000e+01  2.598076e+00  0.000000e+00
     vertex  4.050000e+01  2.598076e+00  3.000000e-01
     vertex  4.050000e+01  2.598076e+00  0.000000e+00
   endloop
 endfacet
 facet normal  0.000000e+00  1.000000e+00  0.000000e+00
   outer loop
     vertex  3.050000e+01  2.598076e+00  0.000000e+00
     vertex  3.050000e+01  2.598076e+00  3.000000e-01
     vertex  4.050000e+01  2.598076e+00  3.000000e-01
   endloop
 endfacet
 facet normal  8.660254e-01 -5.000000e-01  0.000000e+00
   outer loop
     vertex  3.150000e+01  4.330127e+00  0.000000e+00
     vertex  3.050000e+01  2.598076e+00  3.000000e-01
     vertex  3.050000e+01  2.598076e+00  0.000000e+00
   endloop
 endfacet
 facet normal  8.660254e-01 -5.000000e-01  0.000000e+00
   outer loop
     vertex  3.150000e+01  4.330127e+00  0.000000e+00
     vertex  3.150000e+01  4.330127e+00  3.000000e-01
     vertex  3.050000e+01  2.598076e+00  3.000000e-01
   endloop
 endfacet
 facet normal  0.000000e+00 -1.000000e+00  0.000000e+00
   outer loop
     vertex  3.550000e+01  4.330127e+00  0.000000e+00
     vertex  3.150000e+01  4.330127e+00  3.000000e-01
     vertex  3.150000e+01  4.330127e+00  0.000000e+00
   endloop
 endfacet
 facet normal  0.000000e+00 -1.000000e+00  0.000000e+00
   outer loop
     vertex  3.550000e+01  4.330127e+00  0.000000e+00
     vertex  3.550000e+01  4.330127e+00  3.000000e-01
     vertex  3.150000e+01  4.330127e+00  3.000000e-01
   endloop
 endfacet
 facet normal  8.660254e-01 -5.000000e-01  0.000000e+00
   outer loop
     vertex  3.700000e+01  6.928203e+00  0.000000e+00
     vertex  3.550000e+01  4.330127e+00  3.000000e-01
     vertex  3.550000e+01  4.330127e+00  0.000000e+00
   endloop
 endfacet
 facet normal  8.660254e-01 -5.000000e-01  0.000000e+00
   outer loop
     vertex  3.700000e+01  6.928203e+00  0.000000e+00
     vertex  3.700000e+01  6.928203e+00  3.000000e-01
     vertex  3.550000e+01  4.330127e+00  3.000000e-01
   endloop
 endfacet
 facet normal  8.660254e-01  5.000000e-01  0.000000e+00
   outer loop
     vertex  3.550000e+01  9.526279e+00  0.000000e+00
     vertex  3.700000e+01  6.928203e+00  3.000000e-01
     vertex  3.700000e+01  6.928203e+00  0.000000e+00
   endloop
 endfacet
 facet normal  8.660254e-01  5.000000e-01 -0.000000e+00
   outer loop
     vertex  3.550000e+01  9.526279e+00  0.000000e+00
     vertex  3.550000e+01  9.526279e+00  3.000000e-01
     vertex  3.700000e+01  6.928203e+00  3.000000e-01
   endloop
 endfacet
 facet normal  0.000000e+00  1.000000e+00  0.000000e+00
   outer loop
     vertex  3.450000e+01  9.526279e+00  0.000000e+00
     vertex  3.550000e+01  9.526279e+00  3.000000e-01
     vertex  3.550000e+01  9.526279e+00  0.000000e+00
   endloop
 endfacet
 facet normal  0.000000e+00  1.000000e+00  0.000000e+00
   outer loop
     vertex  3.450000e+01  9.526279e+00  0.000000e+00
     vertex  3.450000e+01  9.526279e+00  3.000000e-01
     vertex  3.550000e+01  9.526279e+00  3.000000e-01
   endloop
 endfacet
 facet normal  8.660254e-01 -5.000000e-01  0.000000e+00
   outer loop
     vertex  3.550000e+01  1.125833e+01  0.000000e+00
     vertex  3.450000e+01  9.526279e+00  3.000000e-01
     vertex  3.450000e+01  9.526279e+00  0.000000e+00
   endloop
 endfacet
 facet normal  8.660254e-01 -5.000000e-01  0.000000e+00
   outer loop
     vertex  3.550000e+01  1.125833e+01  0.000000e+00
     vertex  3.550000e+01  1.125833e+01  3.000000e-01
     vertex  3.450000e+01  9.526279e+00  3.000000e-01
   endloop
 endfacet
 facet normal  8.660254e-01  5.000000e-01  0.000000e+00
   outer loop
     vertex  3.400000e+01  1.385641e+01  0.000000e+00
     vertex  3.550000e+01  1.125833e+01  3.000000e-01
     vertex  3.550000e+01  1.125833e+01  0.000000e+00
   endloop
 endfacet
 facet normal  8.660254e-01  5.000000e-01 -0.000000e+00
   outer loop
     vertex  3.400000e+01  1.385641e+01  0.000000e+00
     vertex  3.400000e+01  1.385641e+01  3.000000e-01
     vertex  3.550000e+01  1.125833e+01  3.000000e-01
   endloop
 endfacet
 facet normal  0.000000e+00  1.000000e+00  0.000000e+00
   outer loop
     vertex  3.100000e+01  1.385641e+01  0.000000e+00
     vertex  3.400000e+01  1.385641e+01  3.000000e-01
     vertex  3.400000e+01  1.385641e+01  0.000000e+00
   endloop
 endfacet
 facet normal  0.000000e+00  1.000000e+00  0.000000e+00
   outer loop
     vertex  3.100000e+01  1.385641e+01  0.000000e+00
     vertex  3.100000e+01  1.385641e+01  3.000000e-01
     vertex  3.400000e+01  1.385641e+01  3.000000e-01
   endloop
 endfacet
 facet normal -8.660254e-01  5.000000e-01  0.000000e+00
   outer loop
     vertex  3.000000e+01  1.212436e+01  0.000000e+00
     vertex  3.100000e+01  1.385641e+01  3.000000e-01
     vertex  3.100000e+01  1.385641e+01  0.000000e+00
   endloop
 endfacet
 facet normal -8.660254e-01  5.000000e-01  0.000000e+00
   outer loop
     vertex  3.000000e+01  1.212436e+01  0.000000e+00
     vertex  3.000000e+01  1.212436e+01  3.000000e-01
     vertex  3.100000e+01  1.385641e+01  3.000000e-01
   endloop
 endfacet
 facet normal  8.660254e-01  5.000000e-01  0.000000e+00
   outer loop
     vertex  2.950000e+01  1.299038e+01  0.000000e+00
     vertex  3.000000e+01  1.212436e+01  3.000000e-01
     vertex  3.000000e+01  1.212436e+01  0.000000e+00
   endloop
 endfacet
 facet normal  8.660254e-01  5.000000e-01 -0.000000e+00
   outer loop
     vertex  2.950000e+01  1.299038e+01  0.000000e+00
     vertex  2.950000e+01  1.299038e+01  3.000000e-01
     vertex  3.000000e+01  1.212436e+01  3.000000e-01
   endloop
 endfacet
 facet normal  0.000000e+00  1.000000e+00  0.000000e+00
   outer loop
     vertex  2.650000e+01  1.299038e+01  0.000000e+00
     vertex  2.950000e+01  1.299038e+01  3.000000e-01
     vertex  2.950000e+01  1.299038e+01  0.000000e+00
   endloop
 endfacet
 facet normal  0.000000e+00  1.000000e+00  0.000000e+00
   outer loop
     vertex  2.650000e+01  1.299038e+01  0.000000e+00
     vertex  2.650000e+01  1.299038e+01  3.000000e-01
     vertex  2.950000e+01  1.299038e+01  3.000000e-01
   endloop
 endfacet
 facet normal -8.660254e-01  5.000000e-01  0.000000e+00
   outer loop
     vertex  2.500000e+01  1.039230e+01  0.000000e+00
     vertex  2.650000e+01  1.299038e+01  3.000000e-01
     vertex  2.650000e+01  1.299038e+01  0.000000e+00
   endloop
 endfacet
 facet normal -8.660254e-01  5.000000e-01  0.000000e+00
   outer loop
     vertex  2.500000e+01  1.039230e+01  0.000000e+00
     vertex  2.500000e+01  1.039230e+01  3.000000e-01
     vertex  2.650000e+01  1.299038e+01  3.000000e-01
   endloop
 endfacet
 facet normal -8.660254e-01 -5.000000e-01  0.000000e+00
   outer loop
     vertex  2.700000e+01  6.928203e+00  0.000000e+00
     vertex  2.500000e+01  1.039230e+01  3.000000e-01
     vertex  2.500000e+01  1.039230e+01  0.000000e+00
   endloop
 endfacet
 facet normal -8.660254e-01 -5.000000e-01  0.000000e+00
   outer loop
     vertex  2.700000e+01  6.928203e+00  0.000000e+00
     vertex  2.700000e+01  6.928203e+00  3.000000e-01
     vertex  2.500000e+01  1.039230e+01  3.000000e-01
   endloop
 endfacet
 facet normal -8.660254e-01  5.000000e-01  0.000000e+00
   outer loop
     vertex  2.450000e+01  2.598076e+00  0.000000e+00
     vertex  2.700000e+01  6.928203e+00  3.000000e-01
     vertex  2.700000e+01  6.928203e+00  0.000000e+00
   endloop
 endfacet
 facet normal -8.660254e-01  5.000000e-01  0.000000e+00
   outer loop
     vertex  2.450000e+01  2.598076e+00  0.000000e+00
     vertex  2.450000e+01  2.598076e+00  3.000000e-01
     vertex  2.700000e+01  6.928203e+00  3.000000e-01
   endloop
 endfacet
 facet normal -4.440892e-17  1.000000e+00  0.000000e+00
   outer loop
     vertex  4.500000e+00  2.598076e+00  3.000000e-01
     vertex  2.450000e+01  2.598076e+00  3.000000e-01
     vertex  2.450000e+01  2.598076e+00  0.000000e+00
   endloop
 endfacet
 facet normal -4.440892e-17  1.000000e+00  0.000000e+00
   outer loop
     vertex  4.500000e+00  2.598076e+00  0.000000e+00
     vertex  4.500000e+00  2.598076e+00  3.000000e-01
     vertex  2.450000e+01  2.598076e+00  0.000000e+00
   endloop
 endfacet
 facet normal  8.660254e-01 -5.000000e-01  0.000000e+00
   outer loop
     vertex  1.450000e+01  1.991858e+01  0.000000e+00
     vertex  4.500000e+00  2.598076e+00  3.000000e-01
     vertex  4.500000e+00  2.598076e+00  0.000000e+00
   endloop
 endfacet
 facet normal  8.660254e-01 -5.000000e-01  0.000000e+00
   outer loop
     vertex  1.450000e+01  1.991858e+01  0.000000e+00
     vertex  1.450000e+01  1.991858e+01  3.000000e-01
     vertex  4.500000e+00  2.598076e+00  3.000000e-01
   endloop
 endfacet
 facet normal -7.105427e-16 -1.000000e+00  0.000000e+00
   outer loop
     vertex  1.950000e+01  1.991858e+01  0.000000e+00
     vertex  1.450000e+01  1.991858e+01  3.000000e-01
     vertex  1.450000e+01  1.991858e+01  0.000000e+00
   endloop
 endfacet
 facet normal -7.105427e-16 -1.000000e+00  0.000000e+00
   outer loop
     vertex  1.950000e+01  1.991858e+01  0.000000e+00
     vertex  1.950000e+01  1.991858e+01  3.000000e-01
     vertex  1.450000e+01  1.991858e+01  3.000000e-01
   endloop
 endfacet
 facet normal -8.660254e-01 -5.000000e-01  0.000000e+00
   outer loop
     vertex  2.150000e+01  1.645448e+01  0.000000e+00
     vertex  1.950000e+01  1.991858e+01  3.000000e-01
     vertex  1.950000e+01  1.991858e+01  0.000000e+00
   endloop
 endfacet
 facet normal -8.660254e-01 -5.000000e-01  0.000000e+00
   outer loop
     vertex  2.150000e+01  1.645448e+01  0.000000e+00
     vertex  2.150000e+01  1.645448e+01  3.000000e-01
     vertex  1.950000e+01  1.991858e+01  3.000000e-01
   endloop
 endfacet
 facet normal -1.184238e-15 -1.000000e+00  0.000000e+00
   outer loop
     vertex  2.450000e+01  1.645448e+01  0.000000e+00
     vertex  2.150000e+01  1.645448e+01  3.000000e-01
     vertex  2.150000e+01  1.645448e+01  0.000000e+00
   endloop
 endfacet
 facet normal -1.184238e-15 -1.000000e+00  0.000000e+00
   outer loop
     vertex  2.450000e+01  1.645448e+01  0.000000e+00
     vertex  2.450000e+01  1.645448e+01  3.000000e-01
     vertex  2.150000e+01  1.645448e+01  3.000000e-01
   endloop
 endfacet
 facet normal  8.660254e-01 -5.000000e-01  0.000000e+00
   outer loop
     vertex  2.600000e+01  1.905256e+01  0.000000e+00
     vertex  2.450000e+01  1.645448e+01  3.000000e-01
     vertex  2.450000e+01  1.645448e+01  0.000000e+00
   endloop
 endfacet
 facet normal  8.660254e-01 -5.000000e-01  0.000000e+00
   outer loop
     vertex  2.600000e+01  1.905256e+01  0.000000e+00
     vertex  2.600000e+01  1.905256e+01  3.000000e-01
     vertex  2.450000e+01  1.645448e+01  3.000000e-01
   endloop
 endfacet
 facet normal  8.660254e-01  5.000000e-01  0.000000e+00
   outer loop
     vertex  2.550000e+01  1.991858e+01  0.000000e+00
     vertex  2.600000e+01  1.905256e+01  3.000000e-01
     vertex  2.600000e+01  1.905256e+01  0.000000e+00
   endloop
 endfacet
 facet normal  8.660254e-01  5.000000e-01 -0.000000e+00
   outer loop
     vertex  2.550000e+01  1.991858e+01  0.000000e+00
     vertex  2.550000e+01  1.991858e+01  3.000000e-01
     vertex  2.600000e+01  1.905256e+01  3.000000e-01
   endloop
 endfacet
 facet normal  1.776357e-15 -1.000000e+00  0.000000e+00
   outer loop
     vertex  2.750000e+01  1.991858e+01  0.000000e+00
     vertex  2.550000e+01  1.991858e+01  3.000000e-01
     vertex  2.550000e+01  1.991858e+01  0.000000e+00
   endloop
 endfacet
 facet normal  1.776357e-15 -1.000000e+00  0.000000e+00
   outer loop
     vertex  2.750000e+01  1.991858e+01  0.000000e+00
     vertex  2.750000e+01  1.991858e+01  3.000000e-01
     vertex  2.550000e+01  1.991858e+01  3.000000e-01
   endloop
 endfacet
 facet normal  8.660254e-01 -5.000000e-01  0.000000e+00
   outer loop
     vertex  2.900000e+01  2.251666e+01  0.000000e+00
     vertex  2.750000e+01  1.991858e+01  3.000000e-01
     vertex  2.750000e+01  1.991858e+01  0.000000e+00
   endloop
 endfacet
 facet normal  8.660254e-01 -5.000000e-01  0.000000e+00
   outer loop
     vertex  2.900000e+01  2.251666e+01  0.000000e+00
     vertex  2.900000e+01  2.251666e+01  3.000000e-01
     vertex  2.750000e+01  1.991858e+01  3.000000e-01
   endloop
 endfacet
 facet normal  8.660254e-01  5.000000e-01  0.000000e+00
   outer loop
     vertex  2.750000e+01  2.511474e+01  0.000000e+00
     vertex  2.900000e+01  2.251666e+01  3.000000e-01
     vertex  2.900000e+01  2.251666e+01  0.000000e+00
   endloop
 endfacet
 facet normal  8.660254e-01  5.000000e-01 -0.000000e+00
   outer loop
     vertex  2.750000e+01  2.511474e+01  0.000000e+00
     vertex  2.750000e+01  2.511474e+01  3.000000e-01
     vertex  2.900000e+01  2.251666e+01  3.000000e-01
   endloop
 endfacet
 facet normal -1.776357e-15  1.000000e+00  0.000000e+00
   outer loop
     vertex  2.550000e+01  2.511474e+01  0.000000e+00
     vertex  2.750000e+01  2.511474e+01  3.000000e-01
     vertex  2.750000e+01  2.511474e+01  0.000000e+00
   endloop
 endfacet
 facet normal -1.776357e-15  1.000000e+00  0.000000e+00
   outer loop
     vertex  2.550000e+01  2.511474e+01  0.000000e+00
     vertex  2.550000e+01  2.511474e+01  3.000000e-01
     vertex  2.750000e+01  2.511474e+01  3.000000e-01
   endloop
 endfacet
 facet normal  8.660254e-01 -5.000000e-01  0.000000e+00
   outer loop
     vertex  2.600000e+01  2.598076e+01  0.000000e+00
     vertex  2.550000e+01  2.511474e+01  3.000000e-01
     vertex  2.550000e+01  2.511474e+01  0.000000e+00
   endloop
 endfacet
 facet normal  8.660254e-01 -5.000000e-01  0.000000e+00
   outer loop
     vertex  2.600000e+01  2.598076e+01  0.000000e+00
     vertex  2.600000e+01  2.598076e+01  3.000000e-01
     vertex  2.550000e+01  2.511474e+01  3.000000e-01
   endloop
 endfacet
 facet normal  8.660254e-01  5.000000e-01  0.000000e+00
   outer loop
     vertex  2.450000e+01  2.857884e+01  0.000000e+00
     vertex  2.600000e+01  2.598076e+01  3.000000e-01
     vertex  2.600000e+01  2.598076e+01  0.000000e+00
   endloop
 endfacet
 facet normal  8.660254e-01  5.000000e-01 -0.000000e+00
   outer loop
     vertex  2.450000e+01  2.857884e+01  0.000000e+00
     vertex  2.450000e+01  2.857884e+01  3.000000e-01
     vertex  2.600000e+01  2.598076e+01  3.000000e-01
   endloop
 endfacet
 facet normal  2.368476e-15  1.000000e+00  0.000000e+00
   outer loop
     vertex  2.150000e+01  2.857884e+01  0.000000e+00
     vertex  2.450000e+01  2.857884e+01  3.000000e-01
     vertex  2.450000e+01  2.857884e+01  0.000000e+00
   endloop
 endfacet
 facet normal  2.368476e-15  1.000000e+00 -0.000000e+00
   outer loop
     vertex  2.150000e+01  2.857884e+01  0.000000e+00
     vertex  2.150000e+01  2.857884e+01  3.000000e-01
     vertex  2.450000e+01  2.857884e+01  3.000000e-01
   endloop
 endfacet
 facet normal -8.660254e-01  5.000000e-01  0.000000e+00
   outer loop
     vertex  1.950000e+01  2.511474e+01  0.000000e+00
     vertex  2.150000e+01  2.857884e+01  3.000000e-01
     vertex  2.150000e+01  2.857884e+01  0.000000e+00
   endloop
 endfacet
 facet normal -8.660254e-01  5.000000e-01  0.000000e+00
   outer loop
     vertex  1.950000e+01  2.511474e+01  0.000000e+00
     vertex  1.950000e+01  2.511474e+01  3.000000e-01
     vertex  2.150000e+01  2.857884e+01  3.000000e-01
   endloop
 endfacet
 facet normal  0.000000e+00  1.000000e+00  0.000000e+00
   outer loop
     vertex  1.750000e+01  2.511474e+01  0.000000e+00
     vertex  1.950000e+01  2.511474e+01  3.000000e-01
     vertex  1.950000e+01  2.511474e+01  0.000000e+00
   endloop
 endfacet
 facet normal  0.000000e+00  1.000000e+00  0.000000e+00
   outer loop
     vertex  1.750000e+01  2.511474e+01  0.000000e+00
     vertex  1.750000e+01  2.511474e+01  3.000000e-01
     vertex  1.950000e+01  2.511474e+01  3.000000e-01
   endloop
 endfacet
 facet normal  8.660254e-01 -5.000000e-01  0.000000e+00
   outer loop
     vertex  2.250000e+01  3.377499e+01  0.000000e+00
     vertex  1.750000e+01  2.511474e+01  3.000000e-01
     vertex  1.750000e+01  2.511474e+01  0.000000e+00
   endloop
 endfacet
 facet normal  8.660254e-01 -5.000000e-01  0.000000e+00
   outer loop
     vertex  2.250000e+01  3.377499e+01  0.000000e+00
     vertex  2.250000e+01  3.377499e+01  3.000000e-01
     vertex  1.750000e+01  2.511474e+01  3.000000e-01
   endloop
 endfacet
 facet normal  8.660254e-01  5.000000e-01  0.000000e+00
   outer loop
     vertex  2.100000e+01  3.637307e+01  0.000000e+00
     vertex  2.250000e+01  3.377499e+01  3.000000e-01
     vertex  2.250000e+01  3.377499e+01  0.000000e+00
   endloop
 endfacet
 facet normal  8.660254e-01  5.000000e-01 -0.000000e+00
   outer loop
     vertex  2.100000e+01  3.637307e+01  0.000000e+00
     vertex  2.100000e+01  3.637307e+01  3.000000e-01
     vertex  2.250000e+01  3.377499e+01  3.000000e-01
   endloop
 endfacet
 facet normal  0.000000e+00  1.000000e+00  0.000000e+00
   outer loop
     vertex  1.800000e+01  3.637307e+01  0.000000e+00
     vertex  2.100000e+01  3.637307e+01  3.000000e-01
     vertex  2.100000e+01  3.637307e+01  0.000000e+00
   endloop
 endfacet
 facet normal  0.000000e+00  1.000000e+00  0.000000e+00
   outer loop
     vertex  1.800000e+01  3.637307e+01  0.000000e+00
     vertex  1.800000e+01  3.637307e+01  3.000000e-01
     vertex  2.100000e+01  3.637307e+01  3.000000e-01
   endloop
 endfacet
 facet normal -8.660254e-01  5.000000e-01  0.000000e+00
   outer loop
     vertex  1.300000e+01  2.771281e+01  0.000000e+00
     vertex  1.800000e+01  3.637307e+01  3.000000e-01
     vertex  1.800000e+01  3.637307e+01  0.000000e+00
   endloop
 endfacet
 facet normal -8.660254e-01  5.000000e-01  0.000000e+00
   outer loop
     vertex  1.300000e+01  2.771281e+01  0.000000e+00
     vertex  1.300000e+01  2.771281e+01  3.000000e-01
     vertex  1.800000e+01  3.637307e+01  3.000000e-01
   endloop
 endfacet
 facet normal  8.660254e-01  5.000000e-01  0.000000e+00
   outer loop
     vertex  1.200000e+01  2.944486e+01  0.000000e+00
     vertex  1.300000e+01  2.771281e+01  3.000000e-01
     vertex  1.300000e+01  2.771281e+01  0.000000e+00
   endloop
 endfacet
 facet normal  8.660254e-01  5.000000e-01 -0.000000e+00
   outer loop
     vertex  1.200000e+01  2.944486e+01  0.000000e+00
     vertex  1.200000e+01  2.944486e+01  3.000000e-01
     vertex  1.300000e+01  2.771281e+01  3.000000e-01
   endloop
 endfacet
 facet normal  8.660254e-01 -5.000000e-01  0.000000e+00
   outer loop
     vertex  1.400000e+01  3.290897e+01  0.000000e+00
     vertex  1.200000e+01  2.944486e+01  3.000000e-01
     vertex  1.200000e+01  2.944486e+01  0.000000e+00
   endloop
 endfacet
 facet normal  8.660254e-01 -5.000000e-01  0.000000e+00
   outer loop
     vertex  1.400000e+01  3.290897e+01  0.000000e+00
     vertex  1.400000e+01  3.290897e+01  3.000000e-01
     vertex  1.200000e+01  2.944486e+01  3.000000e-01
   endloop
 endfacet
 facet normal  8.660254e-01  5.000000e-01  0.000000e+00
   outer loop
     vertex  1.250000e+01  3.550704e+01  0.000000e+00
     vertex  1.400000e+01  3.290897e+01  3.000000e-01
     vertex  1.400000e+01  3.290897e+01  0.000000e+00
   endloop
 endfacet
 facet normal  8.660254e-01  5.000000e-01 -0.000000e+00
   outer loop
     vertex  1.250000e+01  3.550704e+01  0.000000e+00
     vertex  1.250000e+01  3.550704e+01  3.000000e-01
     vertex  1.400000e+01  3.290897e+01  3.000000e-01
   endloop
 endfacet
 facet normal  0.000000e+00  1.000000e+00  0.000000e+00
   outer loop
     vertex  9.500000e+00  3.550704e+01  0.000000e+00
     vertex  1.250000e+01  3.550704e+01  3.000000e-01
     vertex  1.250000e+01  3.550704e+01  0.000000e+00
   endloop
 endfacet
 facet normal  0.000000e+00  1.000000e+00  0.000000e+00
   outer loop
     vertex  9.500000e+00  3.550704e+01  0.000000e+00
     vertex  9.500000e+00  3.550704e+01  3.000000e-01
     vertex  1.250000e+01  3.550704e+01  3.000000e-01
   endloop
 endfacet
 facet normal -8.660254e-01  5.000000e-01  0.000000e+00
   outer loop
     vertex  9.000000e+00  3.464102e+01  0.000000e+00
     vertex  9.500000e+00  3.550704e+01  3.000000e-01
     vertex  9.500000e+00  3.550704e+01  0.000000e+00
   endloop
 endfacet
 facet normal -8.660254e-01  5.000000e-01  0.000000e+00
   outer loop
     vertex  9.000000e+00  3.464102e+01  0.000000e+00
     vertex  9.000000e+00  3.464102e+01  3.000000e-01
     vertex  9.500000e+00  3.550704e+01  3.000000e-01
   endloop
 endfacet
 facet normal  8.660254e-01  5.000000e-01  0.000000e+00
   outer loop
     vertex  8.000000e+00  3.637307e+01  0.000000e+00
     vertex  9.000000e+00  3.464102e+01  3.000000e-01
     vertex  9.000000e+00  3.464102e+01  0.000000e+00
   endloop
 endfacet
 facet normal  8.660254e-01  5.000000e-01 -0.000000e+00
   outer loop
     vertex  8.000000e+00  3.637307e+01  0.000000e+00
     vertex  8.000000e+00  3.637307e+01  3.000000e-01
     vertex  9.000000e+00  3.464102e+01  3.000000e-01
   endloop
 endfacet
 facet normal  0.000000e+00  1.000000e+00  0.000000e+00
   outer loop
     vertex  5.000000e+00  3.637307e+01  0.000000e+00
     vertex  8.000000e+00  3.637307e+01  3.000000e-01
     vertex  8.000000e+00  3.637307e+01  0.000000e+00
   endloop
 endfacet
 facet normal  0.000000e+00  1.000000e+00  0.000000e+00
   outer loop
     vertex  5.000000e+00  3.637307e+01  0.000000e+00
     vertex  5.000000e+00  3.637307e+01  3.000000e-01
     vertex  8.000000e+00  3.637307e+01  3.000000e-01
   endloop
 endfacet
 facet normal -8.660254e-01  5.000000e-01  0.000000e+00
   outer loop
     vertex  3.500000e+00  3.377499e+01  0.000000e+00
     vertex  5.000000e+00  3.637307e+01  3.000000e-01
     vertex  5.000000e+00  3.637307e+01  0.000000e+00
   endloop
 endfacet
 facet normal -8.660254e-01  5.000000e-01  0.000000e+00
   outer loop
     vertex  3.500000e+00  3.377499e+01  0.000000e+00
     vertex  3.500000e+00  3.377499e+01  3.000000e-01
     vertex  5.000000e+00  3.637307e+01  3.000000e-01
   endloop
 endfacet
 facet normal -8.660254e-01 -5.000000e-01  0.000000e+00
   outer loop
     vertex  4.500000e+00  3.204294e+01  0.000000e+00
     vertex  3.500000e+00  3.377499e+01  3.000000e-01
     vertex  3.500000e+00  3.377499e+01  0.000000e+00
   endloop
 endfacet
 facet normal -8.660254e-01 -5.000000e-01  0.000000e+00
   outer loop
     vertex  4.500000e+00  3.204294e+01  0.000000e+00
     vertex  4.500000e+00  3.204294e+01  3.000000e-01
     vertex  3.500000e+00  3.377499e+01  3.000000e-01
   endloop
 endfacet
 facet normal  7.105427e-15  1.000000e+00  0.000000e+00
   outer loop
     vertex  3.500000e+00  3.204294e+01  0.000000e+00
     vertex  4.500000e+00  3.204294e+01  3.000000e-01
     vertex  4.500000e+00  3.204294e+01  0.000000e+00
   endloop
 endfacet
 facet normal  7.105427e-15  1.000000e+00 -0.000000e+00
   outer loop
     vertex  3.500000e+00  3.204294e+01  0.000000e+00
     vertex  3.500000e+00  3.204294e+01  3.000000e-01
     vertex  4.500000e+00  3.204294e+01  3.000000e-01
   endloop
 endfacet
 facet normal -8.660254e-01  5.000000e-01  0.000000e+00
   outer loop
     vertex  2.000000e+00  2.944486e+01  0.000000e+00
     vertex  3.500000e+00  3.204294e+01  3.000000e-01
     vertex  3.500000e+00  3.204294e+01  0.000000e+00
   endloop
 endfacet
 facet normal -8.660254e-01  5.000000e-01  0.000000e+00
   outer loop
     vertex  2.000000e+00  2.944486e+01  0.000000e+00
     vertex  2.000000e+00  2.944486e+01  3.000000e-01
     vertex  3.500000e+00  3.204294e+01  3.000000e-01
   endloop
 endfacet
 facet normal -8.660254e-01 -5.000000e-01  0.000000e+00
   outer loop
     vertex  3.500000e+00  2.684679e+01  0.000000e+00
     vertex  2.000000e+00  2.944486e+01  3.000000e-01
     vertex  2.000000e+00  2.944486e+01  0.000000e+00
   endloop
 endfacet
 facet normal -8.660254e-01 -5.000000e-01  0.000000e+00
   outer loop
     vertex  3.500000e+00  2.684679e+01  0.000000e+00
     vertex  3.500000e+00  2.684679e+01  3.000000e-01
     vertex  2.000000e+00  2.944486e+01  3.000000e-01
   endloop
 endfacet
 facet normal  0.000000e+00 -1.000000e+00  0.000000e+00
   outer loop
     vertex  7.500000e+00  2.684679e+01  0.000000e+00
     vertex  3.500000e+00  2.684679e+01  3.000000e-01
     vertex  3.500000e+00  2.684679e+01  0.000000e+00
   endloop
 endfacet
 facet normal  0.000000e+00 -1.000000e+00  0.000000e+00
   outer loop
     vertex  7.500000e+00  2.684679e+01  0.000000e+00
     vertex  7.500000e+00  2.684679e+01  3.000000e-01
     vertex  3.500000e+00  2.684679e+01  3.000000e-01
   endloop
 endfacet
 facet normal -8.660254e-01 -5.000000e-01  0.000000e+00
   outer loop
     vertex  1.000000e+01  2.251666e+01  0.000000e+00
     vertex  7.500000e+00  2.684679e+01  3.000000e-01
     vertex  7.500000e+00  2.684679e+01  0.000000e+00
   endloop
 endfacet
 facet normal -8.660254e-01 -5.000000e-01  0.000000e+00
   outer loop
     vertex  1.000000e+01  2.251666e+01  0.000000e+00
     vertex  1.000000e+01  2.251666e+01  3.000000e-01
     vertex  7.500000e+00  2.684679e+01  3.000000e-01
   endloop
 endfacet
 facet normal -8.660254e-01  5.000000e-01  0.000000e+00
   outer loop
     vertex  4.440892e-16  5.196152e+00  0.000000e+00
     vertex  1.000000e+01  2.251666e+01  3.000000e-01
     vertex  1.000000e+01  2.251666e+01  0.000000e+00
   endloop
 endfacet
 facet normal -8.660254e-01  5.000000e-01  0.000000e+00
   outer loop
     vertex  4.440892e-16  5.196152e+00  0.000000e+00
     vertex  4.440892e-16  5.196152e+00  3.000000e-01
     vertex  1.000000e+01  2.251666e+01  3.000000e-01
   endloop
 endfacet
 facet normal  8.660254e-01  5.000000e-01  0.000000e+00
   outer loop
     vertex -1.000000e+01  2.251666e+01  3.000000e-01
     vertex  4.440892e-16  5.196152e+00  3.000000e-01
     vertex  4.440892e-16  5.196152e+00  0.000000e+00
   endloop
 endfacet
 facet normal  8.660254e-01  5.000000e-01 -0.000000e+00
   outer loop
     vertex -1.000000e+01  2.251666e+01  0.000000e+00
     vertex -1.000000e+01  2.251666e+01  3.000000e-01
     vertex  4.440892e-16  5.196152e+00  0.000000e+00
   endloop
 endfacet
 facet normal  8.660254e-01 -5.000000e-01  0.000000e+00
   outer loop
     vertex -7.500000e+00  2.684679e+01  0.000000e+00
     vertex -1.000000e+01  2.251666e+01  3.000000e-01
     vertex -1.000000e+01  2.251666e+01  0.000000e+00
   endloop
 endfacet
 facet normal  8.660254e-01 -5.000000e-01  0.000000e+00
   outer loop
     vertex -7.500000e+00  2.684679e+01  0.000000e+00
     vertex -7.500000e+00  2.684679e+01  3.000000e-01
     vertex -1.000000e+01  2.251666e+01  3.000000e-01
   endloop
 endfacet
 facet normal  0.000000e+00 -1.000000e+00  0.000000e+00
   outer loop
     vertex -3.500000e+00  2.684679e+01  0.000000e+00
     vertex -7.500000e+00  2.684679e+01  3.000000e-01
     vertex -7.500000e+00  2.684679e+01  0.000000e+00
   endloop
 endfacet
 facet normal  0.000000e+00 -1.000000e+00  0.000000e+00
   outer loop
     vertex -3.500000e+00  2.684679e+01  0.000000e+00
     vertex -3.500000e+00  2.684679e+01  3.000000e-01
     vertex -7.500000e+00  2.684679e+01  3.000000e-01
   endloop
 endfacet
 facet normal  8.660254e-01 -5.000000e-01  0.000000e+00
   outer loop
     vertex -2.000000e+00  2.944486e+01  0.000000e+00
     vertex -3.500000e+00  2.684679e+01  3.000000e-01
     vertex -3.500000e+00  2.684679e+01  0.000000e+00
   endloop
 endfacet
 facet normal  8.660254e-01 -5.000000e-01  0.000000e+00
   outer loop
     vertex -2.000000e+00  2.944486e+01  0.000000e+00
     vertex -2.000000e+00  2.944486e+01  3.000000e-01
     vertex -3.500000e+00  2.684679e+01  3.000000e-01
   endloop
 endfacet
 facet normal  8.660254e-01  5.000000e-01  0.000000e+00
   outer loop
     vertex -3.500000e+00  3.204294e+01  0.000000e+00
     vertex -2.000000e+00  2.944486e+01  3.000000e-01
     vertex -2.000000e+00  2.944486e+01  0.000000e+00
   endloop
 endfacet
 facet normal  8.660254e-01  5.000000e-01 -0.000000e+00
   outer loop
     vertex -3.500000e+00  3.204294e+01  0.000000e+00
     vertex -3.500000e+00  3.204294e+01  3.000000e-01
     vertex -2.000000e+00  2.944486e+01  3.000000e-01
   endloop
 endfacet
 facet normal -7.105427e-15  1.000000e+00  0.000000e+00
   outer loop
     vertex -4.500000e+00  3.204294e+01  0.000000e+00
     vertex -3.500000e+00  3.204294e+01  3.000000e-01
     vertex -3.500000e+00  3.204294e+01  0.000000e+00
   endloop
 endfacet
 facet normal -7.105427e-15  1.000000e+00  0.000000e+00
   outer loop
     vertex -4.500000e+00  3.204294e+01  0.000000e+00
     vertex -4.500000e+00  3.204294e+01  3.000000e-01
     vertex -3.500000e+00  3.204294e+01  3.000000e-01
   endloop
 endfacet
 facet normal  8.660254e-01 -5.000000e-01  0.000000e+00
   outer loop
     vertex -3.500000e+00  3.377499e+01  0.000000e+00
     vertex -4.500000e+00  3.204294e+01  3.000000e-01
     vertex -4.500000e+00  3.204294e+01  0.000000e+00
   endloop
 endfacet
 facet normal  8.660254e-01 -5.000000e-01  0.000000e+00
   outer loop
     vertex -3.500000e+00  3.377499e+01  0.000000e+00
     vertex -3.500000e+00  3.377499e+01  3.000000e-01
     vertex -4.500000e+00  3.204294e+01  3.000000e-01
   endloop
 endfacet
 facet normal  8.660254e-01  5.000000e-01  0.000000e+00
   outer loop
     vertex -5.000000e+00  3.637307e+01  0.000000e+00
     vertex -3.500000e+00  3.377499e+01  3.000000e-01
     vertex -3.500000e+00  3.377499e+01  0.000000e+00
   endloop
 endfacet
 facet normal  8.660254e-01  5.000000e-01 -0.000000e+00
   outer loop
     vertex -5.000000e+00  3.637307e+01  0.000000e+00
     vertex -5.000000e+00  3.637307e+01  3.000000e-01
     vertex -3.500000e+00  3.377499e+01  3.000000e-01
   endloop
 endfacet
 facet normal  0.000000e+00  1.000000e+00  0.000000e+00
   outer loop
     vertex -8.000000e+00  3.637307e+01  0.000000e+00
     vertex -5.000000e+00  3.637307e+01  3.000000e-01
     vertex -5.000000e+00  3.637307e+01  0.000000e+00
   endloop
 endfacet
 facet normal  0.000000e+00  1.000000e+00  0.000000e+00
   outer loop
     vertex -8.000000e+00  3.637307e+01  0.000000e+00
     vertex -8.000000e+00  3.637307e+01  3.000000e-01
     vertex -5.000000e+00  3.637307e+01  3.000000e-01
   endloop
 endfacet
 facet normal -8.660254e-01  5.000000e-01  0.000000e+00
   outer loop
     vertex -9.000000e+00  3.464102e+01  0.000000e+00
     vertex -8.000000e+00  3.637307e+01  3.000000e-01
     vertex -8.000000e+00  3.637307e+01  0.000000e+00
   endloop
 endfacet
 facet normal -8.660254e-01  5.000000e-01  0.000000e+00
   outer loop
     vertex -9.000000e+00  3.464102e+01  0.000000e+00
     vertex -9.000000e+00  3.464102e+01  3.000000e-01
     vertex -8.000000e+00  3.637307e+01  3.000000e-01
   endloop
 endfacet
 facet normal  8.660254e-01  5.000000e-01  0.000000e+00
   outer loop
     vertex -9.500000e+00  3.550704e+01  0.000000e+00
     vertex -9.000000e+00  3.464102e+01  3.000000e-01
     vertex -9.000000e+00  3.464102e+01  0.000000e+00
   endloop
 endfacet
 facet normal  8.660254e-01  5.000000e-01 -0.000000e+00
   outer loop
     vertex -9.500000e+00  3.550704e+01  0.000000e+00
     vertex -9.500000e+00  3.550704e+01  3.000000e-01
     vertex -9.000000e+00  3.464102e+01  3.000000e-01
   endloop
 endfacet
 facet normal  0.000000e+00  1.000000e+00  0.000000e+00
   outer loop
     vertex -1.250000e+01  3.550704e+01  0.000000e+00
     vertex -9.500000e+00  3.550704e+01  3.000000e-01
     vertex -9.500000e+00  3.550704e+01  0.000000e+00
   endloop
 endfacet
 facet normal  0.000000e+00  1.000000e+00  0.000000e+00
   outer loop
     vertex -1.250000e+01  3.550704e+01  0.000000e+00
     vertex -1.250000e+01  3.550704e+01  3.000000e-01
     vertex -9.500000e+00  3.550704e+01  3.000000e-01
   endloop
 endfacet
 facet normal -8.660254e-01  5.000000e-01  0.000000e+00
   outer loop
     vertex -1.400000e+01  3.290897e+01  0.000000e+00
     vertex -1.250000e+01  3.550704e+01  3.000000e-01
     vertex -1.250000e+01  3.550704e+01  0.000000e+00
   endloop
 endfacet
 facet normal -8.660254e-01  5.000000e-01  0.000000e+00
   outer loop
     vertex -1.400000e+01  3.290897e+01  0.000000e+00
     vertex -1.400000e+01  3.290897e+01  3.000000e-01
     vertex -1.250000e+01  3.550704e+01  3.000000e-01
   endloop
 endfacet
 facet normal -8.660254e-01 -5.000000e-01  0.000000e+00
   outer loop
     vertex -1.200000e+01  2.944486e+01  0.000000e+00
     vertex -1.400000e+01  3.290897e+01  3.000000e-01
     vertex -1.400000e+01  3.290897e+01  0.000000e+00
   endloop
 endfacet
 facet normal -8.660254e-01 -5.000000e-01  0.000000e+00
   outer loop
     vertex -1.200000e+01  2.944486e+01  0.000000e+00
     vertex -1.200000e+01  2.944486e+01  3.000000e-01
     vertex -1.400000e+01  3.290897e+01  3.000000e-01
   endloop
 endfacet
 facet normal -8.660254e-01  5.000000e-01  0.000000e+00
   outer loop
     vertex -1.300000e+01  2.771281e+01  0.000000e+00
     vertex -1.200000e+01  2.944486e+01  3.000000e-01
     vertex -1.200000e+01  2.944486e+01  0.000000e+00
   endloop
 endfacet
 facet normal -8.660254e-01  5.000000e-01  0.000000e+00
   outer loop
     vertex -1.300000e+01  2.771281e+01  0.000000e+00
     vertex -1.300000e+01  2.771281e+01  3.000000e-01
     vertex -1.200000e+01  2.944486e+01  3.000000e-01
   endloop
 endfacet
 facet normal  8.660254e-01  5.000000e-01  0.000000e+00
   outer loop
     vertex -1.800000e+01  3.637307e+01  0.000000e+00
     vertex -1.300000e+01  2.771281e+01  3.000000e-01
     vertex -1.300000e+01  2.771281e+01  0.000000e+00
   endloop
 endfacet
 facet normal  8.660254e-01  5.000000e-01 -0.000000e+00
   outer loop
     vertex -1.800000e+01  3.637307e+01  0.000000e+00
     vertex -1.800000e+01  3.637307e+01  3.000000e-01
     vertex -1.300000e+01  2.771281e+01  3.000000e-01
   endloop
 endfacet
 facet normal  0.000000e+00  1.000000e+00  0.000000e+00
   outer loop
     vertex -2.100000e+01  3.637307e+01  0.000000e+00
     vertex -1.800000e+01  3.637307e+01  3.000000e-01
     vertex -1.800000e+01  3.637307e+01  0.000000e+00
   endloop
 endfacet
 facet normal  0.000000e+00  1.000000e+00  0.000000e+00
   outer loop
     vertex -2.100000e+01  3.637307e+01  0.000000e+00
     vertex -2.100000e+01  3.637307e+01  3.000000e-01
     vertex -1.800000e+01  3.637307e+01  3.000000e-01
   endloop
 endfacet
 facet normal -8.660254e-01  5.000000e-01  0.000000e+00
   outer loop
     vertex -2.250000e+01  3.377499e+01  0.000000e+00
     vertex -2.100000e+01  3.637307e+01  3.000000e-01
     vertex -2.100000e+01  3.637307e+01  0.000000e+00
   endloop
 endfacet
 facet normal -8.660254e-01  5.000000e-01  0.000000e+00
   outer loop
     vertex -2.250000e+01  3.377499e+01  0.000000e+00
     vertex -2.250000e+01  3.377499e+01  3.000000e-01
     vertex -2.100000e+01  3.637307e+01  3.000000e-01
   endloop
 endfacet
 facet normal -8.660254e-01 -5.000000e-01  0.000000e+00
   outer loop
     vertex -1.750000e+01  2.511474e+01  0.000000e+00
     vertex -2.250000e+01  3.377499e+01  3.000000e-01
     vertex -2.250000e+01  3.377499e+01  0.000000e+00
   endloop
 endfacet
 facet normal -8.660254e-01 -5.000000e-01  0.000000e+00
   outer loop
     vertex -1.750000e+01  2.511474e+01  0.000000e+00
     vertex -1.750000e+01  2.511474e+01  3.000000e-01
     vertex -2.250000e+01  3.377499e+01  3.000000e-01
   endloop
 endfacet
 facet normal  0.000000e+00  1.000000e+00  0.000000e+00
   outer loop
     vertex -1.950000e+01  2.511474e+01  0.000000e+00
     vertex -1.750000e+01  2.511474e+01  3.000000e-01
     vertex -1.750000e+01  2.511474e+01  0.000000e+00
   endloop
 endfacet
 facet normal  0.000000e+00  1.000000e+00  0.000000e+00
   outer loop
     vertex -1.950000e+01  2.511474e+01  0.000000e+00
     vertex -1.950000e+01  2.511474e+01  3.000000e-01
     vertex -1.750000e+01  2.511474e+01  3.000000e-01
   endloop
 endfacet
 facet normal  8.660254e-01  5.000000e-01  0.000000e+00
   outer loop
     vertex -2.150000e+01  2.857884e+01  0.000000e+00
     vertex -1.950000e+01  2.511474e+01  3.000000e-01
     vertex -1.950000e+01  2.511474e+01  0.000000e+00
   endloop
 endfacet
 facet normal  8.660254e-01  5.000000e-01 -0.000000e+00
   outer loop
     vertex -2.150000e+01  2.857884e+01  0.000000e+00
     vertex -2.150000e+01  2.857884e+01  3.000000e-01
     vertex -1.950000e+01  2.511474e+01  3.000000e-01
   endloop
 endfacet
 facet normal  0.000000e+00  1.000000e+00  0.000000e+00
   outer loop
     vertex -2.450000e+01  2.857884e+01  0.000000e+00
     vertex -2.150000e+01  2.857884e+01  3.000000e-01
     vertex -2.150000e+01  2.857884e+01  0.000000e+00
   endloop
 endfacet
 facet normal  0.000000e+00  1.000000e+00  0.000000e+00
   outer loop
     vertex -2.450000e+01  2.857884e+01  0.000000e+00
     vertex -2.450000e+01  2.857884e+01  3.000000e-01
     vertex -2.150000e+01  2.857884e+01  3.000000e-01
   endloop
 endfacet
 facet normal -8.660254e-01  5.000000e-01  0.000000e+00
   outer loop
     vertex -2.600000e+01  2.598076e+01  0.000000e+00
     vertex -2.450000e+01  2.857884e+01  3.000000e-01
     vertex -2.450000e+01  2.857884e+01  0.000000e+00
   endloop
 endfacet
 facet normal -8.660254e-01  5.000000e-01  0.000000e+00
   outer loop
     vertex -2.600000e+01  2.598076e+01  0.000000e+00
     vertex -2.600000e+01  2.598076e+01  3.000000e-01
     vertex -2.450000e+01  2.857884e+01  3.000000e-01
   endloop
 endfacet
 facet normal -8.660254e-01 -5.000000e-01  0.000000e+00
   outer loop
     vertex -2.550000e+01  2.511474e+01  0.000000e+00
     vertex -2.600000e+01  2.598076e+01  3.000000e-01
     vertex -2.600000e+01  2.598076e+01  0.000000e+00
   endloop
 endfacet
 facet normal -8.660254e-01 -5.000000e-01  0.000000e+00
   outer loop
     vertex -2.550000e+01  2.511474e+01  0.000000e+00
     vertex -2.550000e+01  2.511474e+01  3.000000e-01
     vertex -2.600000e+01  2.598076e+01  3.000000e-01
   endloop
 endfacet
 facet normal  1.776357e-15  1.000000e+00  0.000000e+00
   outer loop
     vertex -2.750000e+01  2.511474e+01  0.000000e+00
     vertex -2.550000e+01  2.511474e+01  3.000000e-01
     vertex -2.550000e+01  2.511474e+01  0.000000e+00
   endloop
 endfacet
 facet normal  1.776357e-15  1.000000e+00 -0.000000e+00
   outer loop
     vertex -2.750000e+01  2.511474e+01  0.000000e+00
     vertex -2.750000e+01  2.511474e+01  3.000000e-01
     vertex -2.550000e+01  2.511474e+01  3.000000e-01
   endloop
 endfacet
 facet normal -8.660254e-01  5.000000e-01  0.000000e+00
   outer loop
     vertex -2.900000e+01  2.251666e+01  0.000000e+00
     vertex -2.750000e+01  2.511474e+01  3.000000e-01
     vertex -2.750000e+01  2.511474e+01  0.000000e+00
   endloop
 endfacet
 facet normal -8.660254e-01  5.000000e-01  0.000000e+00
   outer loop
     vertex -2.900000e+01  2.251666e+01  0.000000e+00
     vertex -2.900000e+01  2.251666e+01  3.000000e-01
     vertex -2.750000e+01  2.511474e+01  3.000000e-01
   endloop
 endfacet
 facet normal -8.660254e-01 -5.000000e-01  0.000000e+00
   outer loop
     vertex -2.750000e+01  1.991858e+01  0.000000e+00
     vertex -2.900000e+01  2.251666e+01  3.000000e-01
     vertex -2.900000e+01  2.251666e+01  0.000000e+00
   endloop
 endfacet
 facet normal -8.660254e-01 -5.000000e-01  0.000000e+00
   outer loop
     vertex -2.750000e+01  1.991858e+01  0.000000e+00
     vertex -2.750000e+01  1.991858e+01  3.000000e-01
     vertex -2.900000e+01  2.251666e+01  3.000000e-01
   endloop
 endfacet
 facet normal -1.776357e-15 -1.000000e+00  0.000000e+00
   outer loop
     vertex -2.550000e+01  1.991858e+01  0.000000e+00
     vertex -2.750000e+01  1.991858e+01  3.000000e-01
     vertex -2.750000e+01  1.991858e+01  0.000000e+00
   endloop
 endfacet
 facet normal -1.776357e-15 -1.000000e+00  0.000000e+00
   outer loop
     vertex -2.550000e+01  1.991858e+01  0.000000e+00
     vertex -2.550000e+01  1.991858e+01  3.000000e-01
     vertex -2.750000e+01  1.991858e+01  3.000000e-01
   endloop
 endfacet
 facet normal -8.660254e-01  5.000000e-01  0.000000e+00
   outer loop
     vertex -2.600000e+01  1.905256e+01  0.000000e+00
     vertex -2.550000e+01  1.991858e+01  3.000000e-01
     vertex -2.550000e+01  1.991858e+01  0.000000e+00
   endloop
 endfacet
 facet normal -8.660254e-01  5.000000e-01  0.000000e+00
   outer loop
     vertex -2.600000e+01  1.905256e+01  0.000000e+00
     vertex -2.600000e+01  1.905256e+01  3.000000e-01
     vertex -2.550000e+01  1.991858e+01  3.000000e-01
   endloop
 endfacet
 facet normal -8.660254e-01 -5.000000e-01  0.000000e+00
   outer loop
     vertex -2.450000e+01  1.645448e+01  0.000000e+00
     vertex -2.600000e+01  1.905256e+01  3.000000e-01
     vertex -2.600000e+01  1.905256e+01  0.000000e+00
   endloop
 endfacet
 facet normal -8.660254e-01 -5.000000e-01  0.000000e+00
   outer loop
     vertex -2.450000e+01  1.645448e+01  0.000000e+00
     vertex -2.450000e+01  1.645448e+01  3.000000e-01
     vertex -2.600000e+01  1.905256e+01  3.000000e-01
   endloop
 endfacet
 facet normal  0.000000e+00 -1.000000e+00  0.000000e+00
   outer loop
     vertex -2.150000e+01  1.645448e+01  0.000000e+00
     vertex -2.450000e+01  1.645448e+01  3.000000e-01
     vertex -2.450000e+01  1.645448e+01  0.000000e+00
   endloop
 endfacet
 facet normal  0.000000e+00 -1.000000e+00  0.000000e+00
   outer loop
     vertex -2.150000e+01  1.645448e+01  0.000000e+00
     vertex -2.150000e+01  1.645448e+01  3.000000e-01
     vertex -2.450000e+01  1.645448e+01  3.000000e-01
   endloop
 endfacet
 facet normal  8.660254e-01 -5.000000e-01  0.000000e+00
   outer loop
     vertex -1.950000e+01  1.991858e+01  0.000000e+00
     vertex -2.150000e+01  1.645448e+01  3.000000e-01
     vertex -2.150000e+01  1.645448e+01  0.000000e+00
   endloop
 endfacet
 facet normal  8.660254e-01 -5.000000e-01  0.000000e+00
   outer loop
     vertex -1.950000e+01  1.991858e+01  0.000000e+00
     vertex -1.950000e+01  1.991858e+01  3.000000e-01
     vertex -2.150000e+01  1.645448e+01  3.000000e-01
   endloop
 endfacet
 facet normal  0.000000e+00 -1.000000e+00  0.000000e+00
   outer loop
     vertex -1.450000e+01  1.991858e+01  0.000000e+00
     vertex -1.950000e+01  1.991858e+01  3.000000e-01
     vertex -1.950000e+01  1.991858e+01  0.000000e+00
   endloop
 endfacet
 facet normal  0.000000e+00 -1.000000e+00  0.000000e+00
   outer loop
     vertex -1.450000e+01  1.991858e+01  0.000000e+00
     vertex -1.450000e+01  1.991858e+01  3.000000e-01
     vertex -1.950000e+01  1.991858e+01  3.000000e-01
   endloop
 endfacet
 facet normal -8.660254e-01 -5.000000e-01  0.000000e+00
   outer loop
     vertex -4.500000e+00  2.598076e+00  0.000000e+00
     vertex -1.450000e+01  1.991858e+01  3.000000e-01
     vertex -1.450000e+01  1.991858e+01  0.000000e+00
   endloop
 endfacet
 facet normal -8.660254e-01 -5.000000e-01  0.000000e+00
   outer loop
     vertex -4.500000e+00  2.598076e+00  0.000000e+00
     vertex -4.500000e+00  2.598076e+00  3.000000e-01
     vertex -1.450000e+01  1.991858e+01  3.000000e-01
   endloop
 endfacet
 facet normal  2.442491e-16  1.000000e+00  0.000000e+00
   outer loop
     vertex -2.450000e+01  2.598076e+00  3.000000e-01
     vertex -4.500000e+00  2.598076e+00  3.000000e-01
     vertex -4.500000e+00  2.598076e+00  0.000000e+00
   endloop
 endfacet
 facet normal  2.442491e-16  1.000000e+00 -0.000000e+00
   outer loop
     vertex -2.450000e+01  2.598076e+00  0.000000e+00
     vertex -2.450000e+01  2.598076e+00  3.000000e-01
     vertex -4.500000e+00  2.598076e+00  0.000000e+00
   endloop
 endfacet
 facet normal  8.660254e-01  5.000000e-01  0.000000e+00
   outer loop
     vertex -2.700000e+01  6.928203e+00  0.000000e+00
     vertex -2.450000e+01  2.598076e+00  3.000000e-01
     vertex -2.450000e+01  2.598076e+00  0.000000e+00
   endloop
 endfacet
 facet normal  8.660254e-01  5.000000e-01 -0.000000e+00
   outer loop
     vertex -2.700000e+01  6.928203e+00  0.000000e+00
     vertex -2.700000e+01  6.928203e+00  3.000000e-01
     vertex -2.450000e+01  2.598076e+00  3.000000e-01
   endloop
 endfacet
 facet normal  8.660254e-01 -5.000000e-01  0.000000e+00
   outer loop
     vertex -2.500000e+01  1.039230e+01  0.000000e+00
     vertex -2.700000e+01  6.928203e+00  3.000000e-01
     vertex -2.700000e+01  6.928203e+00  0.000000e+00
   endloop
 endfacet
 facet normal  8.660254e-01 -5.000000e-01  0.000000e+00
   outer loop
     vertex -2.500000e+01  1.039230e+01  0.000000e+00
     vertex -2.500000e+01  1.039230e+01  3.000000e-01
     vertex -2.700000e+01  6.928203e+00  3.000000e-01
   endloop
 endfacet
 facet normal  8.660254e-01  5.000000e-01  0.000000e+00
   outer loop
     vertex -2.650000e+01  1.299038e+01  0.000000e+00
     vertex -2.500000e+01  1.039230e+01  3.000000e-01
     vertex -2.500000e+01  1.039230e+01  0.000000e+00
   endloop
 endfacet
 facet normal  8.660254e-01  5.000000e-01 -0.000000e+00
   outer loop
     vertex -2.650000e+01  1.299038e+01  0.000000e+00
     vertex -2.650000e+01  1.299038e+01  3.000000e-01
     vertex -2.500000e+01  1.039230e+01  3.000000e-01
   endloop
 endfacet
 facet normal  0.000000e+00  1.000000e+00  0.000000e+00
   outer loop
     vertex -2.950000e+01  1.299038e+01  0.000000e+00
     vertex -2.650000e+01  1.299038e+01  3.000000e-01
     vertex -2.650000e+01  1.299038e+01  0.000000e+00
   endloop
 endfacet
 facet normal  0.000000e+00  1.000000e+00  0.000000e+00
   outer loop
     vertex -2.950000e+01  1.299038e+01  0.000000e+00
     vertex -2.950000e+01  1.299038e+01  3.000000e-01
     vertex -2.650000e+01  1.299038e+01  3.000000e-01
   endloop
 endfacet
 facet normal -8.660254e-01  5.000000e-01  0.000000e+00
   outer loop
     vertex -3.000000e+01  1.212436e+01  0.000000e+00
     vertex -2.950000e+01  1.299038e+01  3.000000e-01
     vertex -2.950000e+01  1.299038e+01  0.000000e+00
   endloop
 endfacet
 facet normal -8.660254e-01  5.000000e-01  0.000000e+00
   outer loop
     vertex -3.000000e+01  1.212436e+01  0.000000e+00
     vertex -3.000000e+01  1.212436e+01  3.000000e-01
     vertex -2.950000e+01  1.299038e+01  3.000000e-01
   endloop
 endfacet
 facet normal  8.660254e-01  5.000000e-01  0.000000e+00
   outer loop
     vertex -3.100000e+01  1.385641e+01  0.000000e+00
     vertex -3.000000e+01  1.212436e+01  3.000000e-01
     vertex -3.000000e+01  1.212436e+01  0.000000e+00
   endloop
 endfacet
 facet normal  8.660254e-01  5.000000e-01 -0.000000e+00
   outer loop
     vertex -3.100000e+01  1.385641e+01  0.000000e+00
     vertex -3.100000e+01  1.385641e+01  3.000000e-01
     vertex -3.000000e+01  1.212436e+01  3.000000e-01
   endloop
 endfacet
 facet normal  0.000000e+00  1.000000e+00  0.000000e+00
   outer loop
     vertex -3.400000e+01  1.385641e+01  0.000000e+00
     vertex -3.100000e+01  1.385641e+01  3.000000e-01
     vertex -3.100000e+01  1.385641e+01  0.000000e+00
   endloop
 endfacet
 facet normal  0.000000e+00  1.000000e+00  0.000000e+00
   outer loop
     vertex -3.400000e+01  1.385641e+01  0.000000e+00
     vertex -3.400000e+01  1.385641e+01  3.000000e-01
     vertex -3.100000e+01  1.385641e+01  3.000000e-01
   endloop
 endfacet
 facet normal -8.660254e-01  5.000000e-01  0.000000e+00
   outer loop
     vertex -3.550000e+01  1.125833e+01  0.000000e+00
     vertex -3.400000e+01  1.385641e+01  3.000000e-01
     vertex -3.400000e+01  1.385641e+01  0.000000e+00
   endloop
 endfacet
 facet normal -8.660254e-01  5.000000e-01  0.000000e+00
   outer loop
     vertex -3.550000e+01  1.125833e+01  0.000000e+00
     vertex -3.550000e+01  1.125833e+01  3.000000e-01
     vertex -3.400000e+01  1.385641e+01  3.000000e-01
   endloop
 endfacet
 facet normal -8.660254e-01 -5.000000e-01  0.000000e+00
   outer loop
     vertex -3.450000e+01  9.526279e+00  0.000000e+00
     vertex -3.550000e+01  1.125833e+01  3.000000e-01
     vertex -3.550000e+01  1.125833e+01  0.000000e+00
   endloop
 endfacet
 facet normal -8.660254e-01 -5.000000e-01  0.000000e+00
   outer loop
     vertex -3.450000e+01  9.526279e+00  0.000000e+00
     vertex -3.450000e+01  9.526279e+00  3.000000e-01
     vertex -3.550000e+01  1.125833e+01  3.000000e-01
   endloop
 endfacet
 facet normal  0.000000e+00  1.000000e+00  0.000000e+00
   outer loop
     vertex -3.550000e+01  9.526279e+00  0.000000e+00
     vertex -3.450000e+01  9.526279e+00  3.000000e-01
     vertex -3.450000e+01  9.526279e+00  0.000000e+00
   endloop
 endfacet
 facet normal  0.000000e+00  1.000000e+00  0.000000e+00
   outer loop
     vertex -3.550000e+01  9.526279e+00  0.000000e+00
     vertex -3.550000e+01  9.526279e+00  3.000000e-01
     vertex -3.450000e+01  9.526279e+00  3.000000e-01
   endloop
 endfacet
 facet normal -8.660254e-01  5.000000e-01  0.000000e+00
   outer loop
     vertex -3.700000e+01  6.928203e+00  0.000000e+00
     vertex -3.550000e+01  9.526279e+00  3.000000e-01
     vertex -3.550000e+01  9.526279e+00  0.000000e+00
   endloop
 endfacet
 facet normal -8.660254e-01  5.000000e-01  0.000000e+00
   outer loop
     vertex -3.700000e+01  6.928203e+00  0.000000e+00
     vertex -3.700000e+01  6.928203e+00  3.000000e-01
     vertex -3.550000e+01  9.526279e+00  3.000000e-01
   endloop
 endfacet
 facet normal -8.660254e-01 -5.000000e-01  0.000000e+00
   outer loop
     vertex -3.550000e+01  4.330127e+00  0.000000e+00
     vertex -3.700000e+01  6.928203e+00  3.000000e-01
     vertex -3.700000e+01  6.928203e+00  0.000000e+00
   endloop
 endfacet
 facet normal -8.660254e-01 -5.000000e-01  0.000000e+00
   outer loop
     vertex -3.550000e+01  4.330127e+00  0.000000e+00
     vertex -3.550000e+01  4.330127e+00  3.000000e-01
     vertex -3.700000e+01  6.928203e+00  3.000000e-01
   endloop
 endfacet
 facet normal -2.220446e-16 -1.000000e+00  0.000000e+00
   outer loop
     vertex -3.150000e+01  4.330127e+00  0.000000e+00
     vertex -3.550000e+01  4.330127e+00  3.000000e-01
     vertex -3.550000e+01  4.330127e+00  0.000000e+00
   endloop
 endfacet
 facet normal -2.220446e-16 -1.000000e+00  0.000000e+00
   outer loop
     vertex -3.150000e+01  4.330127e+00  0.000000e+00
     vertex -3.150000e+01  4.330127e+00  3.000000e-01
     vertex -3.550000e+01  4.330127e+00  3.000000e-01
   endloop
 endfacet
 facet normal -8.660254e-01 -5.000000e-01  0.000000e+00
   outer loop
     vertex -3.050000e+01  2.598076e+00  0.000000e+00
     vertex -3.150000e+01  4.330127e+00  3.000000e-01
     vertex -3.150000e+01  4.330127e+00  0.000000e+00
   endloop
 endfacet
 facet normal -8.660254e-01 -5.000000e-01  0.000000e+00
   outer loop
     vertex -3.050000e+01  2.598076e+00  0.000000e+00
     vertex -3.050000e+01  2.598076e+00  3.000000e-01
     vertex -3.150000e+01  4.330127e+00  3.000000e-01
   endloop
 endfacet
 facet normal  1.332268e-16  1.000000e+00  0.000000e+00
   outer loop
     vertex -4.050000e+01  2.598076e+00  0.000000e+00
     vertex -3.050000e+01  2.598076e+00  3.000000e-01
     vertex -3.050000e+01  2.598076e+00  0.000000e+00
   endloop
 endfacet
 facet normal  1.332268e-16  1.000000e+00 -0.000000e+00
   outer loop
     vertex -4.050000e+01  2.598076e+00  0.000000e+00
     vertex -4.050000e+01  2.598076e+00  3.000000e-01
     vertex -3.050000e+01  2.598076e+00  3.000000e-01
   endloop
 endfacet
 facet normal -8.660254e-01  5.000000e-01  0.000000e+00
   outer loop
     vertex -4.200000e+01  5.236294e-15  0.000000e+00
     vertex -4.050000e+01  2.598076e+00  3.000000e-01
     vertex -4.050000e+01  2.598076e+00  0.000000e+00
   endloop
 endfacet
 facet normal -8.660254e-01  5.000000e-01  0.000000e+00
   outer loop
     vertex -4.200000e+01  5.236294e-15  0.000000e+00
     vertex -4.200000e+01  5.236294e-15  3.000000e-01
     vertex -4.050000e+01  2.598076e+00  3.000000e-01
   endloop
 endfacet
 facet normal -8.660254e-01 -5.000000e-01  0.000000e+00
   outer loop
     vertex -4.050000e+01 -2.598076e+00  0.000000e+00
     vertex -4.200000e+01  5.236294e-15  3.000000e-01
     vertex -4.200000e+01  5.236294e-15  0.000000e+00
   endloop
 endfacet
 facet normal -8.660254e-01 -5.000000e-01  0.000000e+00
   outer loop
     vertex -4.050000e+01 -2.598076e+00  0.000000e+00
     vertex -4.050000e+01 -2.598076e+00  3.000000e-01
     vertex -4.200000e+01  5.236294e-15  3.000000e-01
   endloop
 endfacet
 facet normal -1.332268e-16 -1.000000e+00  0.000000e+00
   outer loop
     vertex -3.050000e+01 -2.598076e+00  0.000000e+00
     vertex -4.050000e+01 -2.598076e+00  3.000000e-01
     vertex -4.050000e+01 -2.598076e+00  0.000000e+00
   endloop
 endfacet
 facet normal -1.332268e-16 -1.000000e+00  0.000000e+00
   outer loop
     vertex -3.050000e+01 -2.598076e+00  0.000000e+00
     vertex -3.050000e+01 -2.598076e+00  3.000000e-01
     vertex -4.050000e+01 -2.598076e+00  3.000000e-01
   endloop
 endfacet
 facet normal -8.660254e-01  5.000000e-01  0.000000e+00
   outer loop
     vertex -3.150000e+01 -4.330127e+00  0.000000e+00
     vertex -3.050000e+01 -2.598076e+00  3.000000e-01
     vertex -3.050000e+01 -2.598076e+00  0.000000e+00
   endloop
 endfacet
 facet normal -8.660254e-01  5.000000e-01  0.000000e+00
   outer loop
     vertex -3.150000e+01 -4.330127e+00  0.000000e+00
     vertex -3.150000e+01 -4.330127e+00  3.000000e-01
     vertex -3.050000e+01 -2.598076e+00  3.000000e-01
   endloop
 endfacet
 facet normal  2.220446e-16  1.000000e+00  0.000000e+00
   outer loop
     vertex -3.550000e+01 -4.330127e+00  0.000000e+00
     vertex -3.150000e+01 -4.330127e+00  3.000000e-01
     vertex -3.150000e+01 -4.330127e+00  0.000000e+00
   endloop
 endfacet
 facet normal  2.220446e-16  1.000000e+00 -0.000000e+00
   outer loop
     vertex -3.550000e+01 -4.330127e+00  0.000000e+00
     vertex -3.550000e+01 -4.330127e+00  3.000000e-01
     vertex -3.150000e+01 -4.330127e+00  3.000000e-01
   endloop
 endfacet
 facet normal -8.660254e-01  5.000000e-01  0.000000e+00
   outer loop
     vertex -3.700000e+01 -6.928203e+00  0.000000e+00
     vertex -3.550000e+01 -4.330127e+00  3.000000e-01
     vertex -3.550000e+01 -4.330127e+00  0.000000e+00
   endloop
 endfacet
 facet normal -8.660254e-01  5.000000e-01  0.000000e+00
   outer loop
     vertex -3.700000e+01 -6.928203e+00  0.000000e+00
     vertex -3.700000e+01 -6.928203e+00  3.000000e-01
     vertex -3.550000e+01 -4.330127e+00  3.000000e-01
   endloop
 endfacet
 facet normal -8.660254e-01 -5.000000e-01  0.000000e+00
   outer loop
     vertex -3.550000e+01 -9.526279e+00  0.000000e+00
     vertex -3.700000e+01 -6.928203e+00  3.000000e-01
     vertex -3.700000e+01 -6.928203e+00  0.000000e+00
   endloop
 endfacet
 facet normal -8.660254e-01 -5.000000e-01  0.000000e+00
   outer loop
     vertex -3.550000e+01 -9.526279e+00  0.000000e+00
     vertex -3.550000e+01 -9.526279e+00  3.000000e-01
     vertex -3.700000e+01 -6.928203e+00  3.000000e-01
   endloop
 endfacet
 facet normal  0.000000e+00 -1.000000e+00  0.000000e+00
   outer loop
     vertex -3.450000e+01 -9.526279e+00  0.000000e+00
     vertex -3.550000e+01 -9.526279e+00  3.000000e-01
     vertex -3.550000e+01 -9.526279e+00  0.000000e+00
   endloop
 endfacet
 facet normal  0.000000e+00 -1.000000e+00  0.000000e+00
   outer loop
     vertex -3.450000e+01 -9.526279e+00  0.000000e+00
     vertex -3.450000e+01 -9.526279e+00  3.000000e-01
     vertex -3.550000e+01 -9.526279e+00  3.000000e-01
   endloop
 endfacet
 facet normal -8.660254e-01  5.000000e-01  0.000000e+00
   outer loop
     vertex -3.550000e+01 -1.125833e+01  0.000000e+00
     vertex -3.450000e+01 -9.526279e+00  3.000000e-01
     vertex -3.450000e+01 -9.526279e+00  0.000000e+00
   endloop
 endfacet
 facet normal -8.660254e-01  5.000000e-01  0.000000e+00
   outer loop
     vertex -3.550000e+01 -1.125833e+01  0.000000e+00
     vertex -3.550000e+01 -1.125833e+01  3.000000e-01
     vertex -3.450000e+01 -9.526279e+00  3.000000e-01
   endloop
 endfacet
 facet normal -8.660254e-01 -5.000000e-01  0.000000e+00
   outer loop
     vertex -3.400000e+01 -1.385641e+01  0.000000e+00
     vertex -3.550000e+01 -1.125833e+01  3.000000e-01
     vertex -3.550000e+01 -1.125833e+01  0.000000e+00
   endloop
 endfacet
 facet normal -8.660254e-01 -5.000000e-01  0.000000e+00
   outer loop
     vertex -3.400000e+01 -1.385641e+01  0.000000e+00
     vertex -3.400000e+01 -1.385641e+01  3.000000e-01
     vertex -3.550000e+01 -1.125833e+01  3.000000e-01
   endloop
 endfacet
 facet normal  0.000000e+00 -1.000000e+00  0.000000e+00
   outer loop
     vertex -3.100000e+01 -1.385641e+01  0.000000e+00
     vertex -3.400000e+01 -1.385641e+01  3.000000e-01
     vertex -3.400000e+01 -1.385641e+01  0.000000e+00
   endloop
 endfacet
 facet normal  0.000000e+00 -1.000000e+00  0.000000e+00
   outer loop
     vertex -3.100000e+01 -1.385641e+01  0.000000e+00
     vertex -3.100000e+01 -1.385641e+01  3.000000e-01
     vertex -3.400000e+01 -1.385641e+01  3.000000e-01
   endloop
 endfacet
 facet normal  8.660254e-01 -5.000000e-01  0.000000e+00
   outer loop
     vertex -3.000000e+01 -1.212436e+01  0.000000e+00
     vertex -3.100000e+01 -1.385641e+01  3.000000e-01
     vertex -3.100000e+01 -1.385641e+01  0.000000e+00
   endloop
 endfacet
 facet normal  8.660254e-01 -5.000000e-01  0.000000e+00
   outer loop
     vertex -3.000000e+01 -1.212436e+01  0.000000e+00
     vertex -3.000000e+01 -1.212436e+01  3.000000e-01
     vertex -3.100000e+01 -1.385641e+01  3.000000e-01
   endloop
 endfacet
 facet normal -8.660254e-01 -5.000000e-01  0.000000e+00
   outer loop
     vertex -2.950000e+01 -1.299038e+01  0.000000e+00
     vertex -3.000000e+01 -1.212436e+01  3.000000e-01
     vertex -3.000000e+01 -1.212436e+01  0.000000e+00
   endloop
 endfacet
 facet normal -8.660254e-01 -5.000000e-01  0.000000e+00
   outer loop
     vertex -2.950000e+01 -1.299038e+01  0.000000e+00
     vertex -2.950000e+01 -1.299038e+01  3.000000e-01
     vertex -3.000000e+01 -1.212436e+01  3.000000e-01
   endloop
 endfacet
 facet normal  0.000000e+00 -1.000000e+00  0.000000e+00
   outer loop
     vertex -2.650000e+01 -1.299038e+01  0.000000e+00
     vertex -2.950000e+01 -1.299038e+01  3.000000e-01
     vertex -2.950000e+01 -1.299038e+01  0.000000e+00
   endloop
 endfacet
 facet normal  0.000000e+00 -1.000000e+00  0.000000e+00
   outer loop
     vertex -2.650000e+01 -1.299038e+01  0.000000e+00
     vertex -2.650000e+01 -1.299038e+01  3.000000e-01
     vertex -2.950000e+01 -1.299038e+01  3.000000e-01
   endloop
 endfacet
 facet normal  8.660254e-01 -5.000000e-01  0.000000e+00
   outer loop
     vertex -2.500000e+01 -1.039230e+01  0.000000e+00
     vertex -2.650000e+01 -1.299038e+01  3.000000e-01
     vertex -2.650000e+01 -1.299038e+01  0.000000e+00
   endloop
 endfacet
 facet normal  8.660254e-01 -5.000000e-01  0.000000e+00
   outer loop
     vertex -2.500000e+01 -1.039230e+01  0.000000e+00
     vertex -2.500000e+01 -1.039230e+01  3.000000e-01
     vertex -2.650000e+01 -1.299038e+01  3.000000e-01
   endloop
 endfacet
 facet normal  8.660254e-01  5.000000e-01  0.000000e+00
   outer loop
     vertex -2.700000e+01 -6.928203e+00  0.000000e+00
     vertex -2.500000e+01 -1.039230e+01  3.000000e-01
     vertex -2.500000e+01 -1.039230e+01  0.000000e+00
   endloop
 endfacet
 facet normal  8.660254e-01  5.000000e-01 -0.000000e+00
   outer loop
     vertex -2.700000e+01 -6.928203e+00  0.000000e+00
     vertex -2.700000e+01 -6.928203e+00  3.000000e-01
     vertex -2.500000e+01 -1.039230e+01  3.000000e-01
   endloop
 endfacet
 facet normal  8.660254e-01 -5.000000e-01  0.000000e+00
   outer loop
     vertex -2.450000e+01 -2.598076e+00  0.000000e+00
     vertex -2.700000e+01 -6.928203e+00  3.000000e-01
     vertex -2.700000e+01 -6.928203e+00  0.000000e+00
   endloop
 endfacet
 facet normal  8.660254e-01 -5.000000e-01  0.000000e+00
   outer loop
     vertex -2.450000e+01 -2.598076e+00  0.000000e+00
     vertex -2.450000e+01 -2.598076e+00  3.000000e-01
     vertex -2.700000e+01 -6.928203e+00  3.000000e-01
   endloop
 endfacet
 facet normal -4.440892e-17 -1.000000e+00  0.000000e+00
   outer loop
     vertex -4.500000e+00 -2.598076e+00  3.000000e-01
     vertex -2.450000e+01 -2.598076e+00  3.000000e-01
     vertex -2.450000e+01 -2.598076e+00  0.000000e+00
   endloop
 endfacet
 facet normal -4.440892e-17 -1.000000e+00  0.000000e+00
   outer loop
     vertex -4.500000e+00 -2.598076e+00  0.000000e+00
     vertex -4.500000e+00 -2.598076e+00  3.000000e-01
     vertex -2.450000e+01 -2.598076e+00  0.000000e+00
   endloop
 endfacet
 facet normal -8.660254e-01  5.000000e-01  0.000000e+00
   outer loop
     vertex -1.450000e+01 -1.991858e+01  0.000000e+00
     vertex -4.500000e+00 -2.598076e+00  3.000000e-01
     vertex -4.500000e+00 -2.598076e+00  0.000000e+00
   endloop
 endfacet
 facet normal -8.660254e-01  5.000000e-01  0.000000e+00
   outer loop
     vertex -1.450000e+01 -1.991858e+01  0.000000e+00
     vertex -1.450000e+01 -1.991858e+01  3.000000e-01
     vertex -4.500000e+00 -2.598076e+00  3.000000e-01
   endloop
 endfacet
 facet normal  7.105427e-16  1.000000e+00  0.000000e+00
   outer loop
     vertex -1.950000e+01 -1.991858e+01  0.000000e+00
     vertex -1.450000e+01 -1.991858e+01  3.000000e-01
     vertex -1.450000e+01 -1.991858e+01  0.000000e+00
   endloop
 endfacet
 facet normal  7.105427e-16  1.000000e+00 -0.000000e+00
   outer loop
     vertex -1.950000e+01 -1.991858e+01  0.000000e+00
     vertex -1.950000e+01 -1.991858e+01  3.000000e-01
     vertex -1.450000e+01 -1.991858e+01  3.000000e-01
   endloop
 endfacet
 facet normal  8.660254e-01  5.000000e-01  0.000000e+00
   outer loop
     vertex -2.150000e+01 -1.645448e+01  0.000000e+00
     vertex -1.950000e+01 -1.991858e+01  3.000000e-01
     vertex -1.950000e+01 -1.991858e+01  0.000000e+00
   endloop
 endfacet
 facet normal  8.660254e-01  5.000000e-01 -0.000000e+00
   outer loop
     vertex -2.150000e+01 -1.645448e+01  0.000000e+00
     vertex -2.150000e+01 -1.645448e+01  3.000000e-01
     vertex -1.950000e+01 -1.991858e+01  3.000000e-01
   endloop
 endfacet
 facet normal  0.000000e+00  1.000000e+00  0.000000e+00
   outer loop
     vertex -2.450000e+01 -1.645448e+01  0.000000e+00
     vertex -2.150000e+01 -1.645448e+01  3.000000e-01
     vertex -2.150000e+01 -1.645448e+01  0.000000e+00
   endloop
 endfacet
 facet normal  0.000000e+00  1.000000e+00  0.000000e+00
   outer loop
     vertex -2.450000e+01 -1.645448e+01  0.000000e+00
     vertex -2.450000e+01 -1.645448e+01  3.000000e-01
     vertex -2.150000e+01 -1.645448e+01  3.000000e-01
   endloop
 endfacet
 facet normal -8.660254e-01  5.000000e-01  0.000000e+00
   outer loop
     vertex -2.600000e+01 -1.905256e+01  0.000000e+00
     vertex -2.450000e+01 -1.645448e+01  3.000000e-01
     vertex -2.450000e+01 -1.645448e+01  0.000000e+00
   endloop
 endfacet
 facet normal -8.660254e-01  5.000000e-01  0.000000e+00
   outer loop
     vertex -2.600000e+01 -1.905256e+01  0.000000e+00
     vertex -2.600000e+01 -1.905256e+01  3.000000e-01
     vertex -2.450000e+01 -1.645448e+01  3.000000e-01
   endloop
 endfacet
 facet normal -8.660254e-01 -5.000000e-01  0.000000e+00
   outer loop
     vertex -2.550000e+01 -1.991858e+01  0.000000e+00
     vertex -2.600000e+01 -1.905256e+01  3.000000e-01
     vertex -2.600000e+01 -1.905256e+01  0.000000e+00
   endloop
 endfacet
 facet normal -8.660254e-01 -5.000000e-01  0.000000e+00
   outer loop
     vertex -2.550000e+01 -1.991858e+01  0.000000e+00
     vertex -2.550000e+01 -1.991858e+01  3.000000e-01
     vertex -2.600000e+01 -1.905256e+01  3.000000e-01
   endloop
 endfacet
 facet normal  1.776357e-15  1.000000e+00  0.000000e+00
   outer loop
     vertex -2.750000e+01 -1.991858e+01  0.000000e+00
     vertex -2.550000e+01 -1.991858e+01  3.000000e-01
     vertex -2.550000e+01 -1.991858e+01  0.000000e+00
   endloop
 endfacet
 facet normal  1.776357e-15  1.000000e+00 -0.000000e+00
   outer loop
     vertex -2.750000e+01 -1.991858e+01  0.000000e+00
     vertex -2.750000e+01 -1.991858e+01  3.000000e-01
     vertex -2.550000e+01 -1.991858e+01  3.000000e-01
   endloop
 endfacet
 facet normal -8.660254e-01  5.000000e-01  0.000000e+00
   outer loop
     vertex -2.900000e+01 -2.251666e+01  0.000000e+00
     vertex -2.750000e+01 -1.991858e+01  3.000000e-01
     vertex -2.750000e+01 -1.991858e+01  0.000000e+00
   endloop
 endfacet
 facet normal -8.660254e-01  5.000000e-01  0.000000e+00
   outer loop
     vertex -2.900000e+01 -2.251666e+01  0.000000e+00
     vertex -2.900000e+01 -2.251666e+01  3.000000e-01
     vertex -2.750000e+01 -1.991858e+01  3.000000e-01
   endloop
 endfacet
 facet normal -8.660254e-01 -5.000000e-01  0.000000e+00
   outer loop
     vertex -2.750000e+01 -2.511474e+01  0.000000e+00
     vertex -2.900000e+01 -2.251666e+01  3.000000e-01
     vertex -2.900000e+01 -2.251666e+01  0.000000e+00
   endloop
 endfacet
 facet normal -8.660254e-01 -5.000000e-01  0.000000e+00
   outer loop
     vertex -2.750000e+01 -2.511474e+01  0.000000e+00
     vertex -2.750000e+01 -2.511474e+01  3.000000e-01
     vertex -2.900000e+01 -2.251666e+01  3.000000e-01
   endloop
 endfacet
 facet normal  0.000000e+00 -1.000000e+00  0.000000e+00
   outer loop
     vertex -2.550000e+01 -2.511474e+01  0.000000e+00
     vertex -2.750000e+01 -2.511474e+01  3.000000e-01
     vertex -2.750000e+01 -2.511474e+01  0.000000e+00
   endloop
 endfacet
 facet normal  0.000000e+00 -1.000000e+00  0.000000e+00
   outer loop
     vertex -2.550000e+01 -2.511474e+01  0.000000e+00
     vertex -2.550000e+01 -2.511474e+01  3.000000e-01
     vertex -2.750000e+01 -2.511474e+01  3.000000e-01
   endloop
 endfacet
 facet normal -8.660254e-01  5.000000e-01  0.000000e+00
   outer loop
     vertex -2.600000e+01 -2.598076e+01  0.000000e+00
     vertex -2.550000e+01 -2.511474e+01  3.000000e-01
     vertex -2.550000e+01 -2.511474e+01  0.000000e+00
   endloop
 endfacet
 facet normal -8.660254e-01  5.000000e-01  0.000000e+00
   outer loop
     vertex -2.600000e+01 -2.598076e+01  0.000000e+00
     vertex -2.600000e+01 -2.598076e+01  3.000000e-01
     vertex -2.550000e+01 -2.511474e+01  3.000000e-01
   endloop
 endfacet
 facet normal -8.660254e-01 -5.000000e-01  0.000000e+00
   outer loop
     vertex -2.450000e+01 -2.857884e+01  0.000000e+00
     vertex -2.600000e+01 -2.598076e+01  3.000000e-01
     vertex -2.600000e+01 -2.598076e+01  0.000000e+00
   endloop
 endfacet
 facet normal -8.660254e-01 -5.000000e-01  0.000000e+00
   outer loop
     vertex -2.450000e+01 -2.857884e+01  0.000000e+00
     vertex -2.450000e+01 -2.857884e+01  3.000000e-01
     vertex -2.600000e+01 -2.598076e+01  3.000000e-01
   endloop
 endfacet
 facet normal  0.000000e+00 -1.000000e+00  0.000000e+00
   outer loop
     vertex -2.150000e+01 -2.857884e+01  0.000000e+00
     vertex -2.450000e+01 -2.857884e+01  3.000000e-01
     vertex -2.450000e+01 -2.857884e+01  0.000000e+00
   endloop
 endfacet
 facet normal  0.000000e+00 -1.000000e+00  0.000000e+00
   outer loop
     vertex -2.150000e+01 -2.857884e+01  0.000000e+00
     vertex -2.150000e+01 -2.857884e+01  3.000000e-01
     vertex -2.450000e+01 -2.857884e+01  3.000000e-01
   endloop
 endfacet
 facet normal  8.660254e-01 -5.000000e-01  0.000000e+00
   outer loop
     vertex -1.950000e+01 -2.511474e+01  0.000000e+00
     vertex -2.150000e+01 -2.857884e+01  3.000000e-01
     vertex -2.150000e+01 -2.857884e+01  0.000000e+00
   endloop
 endfacet
 facet normal  8.660254e-01 -5.000000e-01  0.000000e+00
   outer loop
     vertex -1.950000e+01 -2.511474e+01  0.000000e+00
     vertex -1.950000e+01 -2.511474e+01  3.000000e-01
     vertex -2.150000e+01 -2.857884e+01  3.000000e-01
   endloop
 endfacet
 facet normal -1.776357e-15 -1.000000e+00  0.000000e+00
   outer loop
     vertex -1.750000e+01 -2.511474e+01  0.000000e+00
     vertex -1.950000e+01 -2.511474e+01  3.000000e-01
     vertex -1.950000e+01 -2.511474e+01  0.000000e+00
   endloop
 endfacet
 facet normal -1.776357e-15 -1.000000e+00  0.000000e+00
   outer loop
     vertex -1.750000e+01 -2.511474e+01  0.000000e+00
     vertex -1.750000e+01 -2.511474e+01  3.000000e-01
     vertex -1.950000e+01 -2.511474e+01  3.000000e-01
   endloop
 endfacet
 facet normal -8.660254e-01  5.000000e-01  0.000000e+00
   outer loop
     vertex -2.250000e+01 -3.377499e+01  0.000000e+00
     vertex -1.750000e+01 -2.511474e+01  3.000000e-01
     vertex -1.750000e+01 -2.511474e+01  0.000000e+00
   endloop
 endfacet
 facet normal -8.660254e-01  5.000000e-01  0.000000e+00
   outer loop
     vertex -2.250000e+01 -3.377499e+01  0.000000e+00
     vertex -2.250000e+01 -3.377499e+01  3.000000e-01
     vertex -1.750000e+01 -2.511474e+01  3.000000e-01
   endloop
 endfacet
 facet normal -8.660254e-01 -5.000000e-01  0.000000e+00
   outer loop
     vertex -2.100000e+01 -3.637307e+01  0.000000e+00
     vertex -2.250000e+01 -3.377499e+01  3.000000e-01
     vertex -2.250000e+01 -3.377499e+01  0.000000e+00
   endloop
 endfacet
 facet normal -8.660254e-01 -5.000000e-01  0.000000e+00
   outer loop
     vertex -2.100000e+01 -3.637307e+01  0.000000e+00
     vertex -2.100000e+01 -3.637307e+01  3.000000e-01
     vertex -2.250000e+01 -3.377499e+01  3.000000e-01
   endloop
 endfacet
 facet normal  0.000000e+00 -1.000000e+00  0.000000e+00
   outer loop
     vertex -1.800000e+01 -3.637307e+01  0.000000e+00
     vertex -2.100000e+01 -3.637307e+01  3.000000e-01
     vertex -2.100000e+01 -3.637307e+01  0.000000e+00
   endloop
 endfacet
 facet normal  0.000000e+00 -1.000000e+00  0.000000e+00
   outer loop
     vertex -1.800000e+01 -3.637307e+01  0.000000e+00
     vertex -1.800000e+01 -3.637307e+01  3.000000e-01
     vertex -2.100000e+01 -3.637307e+01  3.000000e-01
   endloop
 endfacet
 facet normal  8.660254e-01 -5.000000e-01  0.000000e+00
   outer loop
     vertex -1.300000e+01 -2.771281e+01  0.000000e+00
     vertex -1.800000e+01 -3.637307e+01  3.000000e-01
     vertex -1.800000e+01 -3.637307e+01  0.000000e+00
   endloop
 endfacet
 facet normal  8.660254e-01 -5.000000e-01  0.000000e+00
   outer loop
     vertex -1.300000e+01 -2.771281e+01  0.000000e+00
     vertex -1.300000e+01 -2.771281e+01  3.000000e-01
     vertex -1.800000e+01 -3.637307e+01  3.000000e-01
   endloop
 endfacet
 facet normal -8.660254e-01 -5.000000e-01  0.000000e+00
   outer loop
     vertex -1.200000e+01 -2.944486e+01  0.000000e+00
     vertex -1.300000e+01 -2.771281e+01  3.000000e-01
     vertex -1.300000e+01 -2.771281e+01  0.000000e+00
   endloop
 endfacet
 facet normal -8.660254e-01 -5.000000e-01  0.000000e+00
   outer loop
     vertex -1.200000e+01 -2.944486e+01  0.000000e+00
     vertex -1.200000e+01 -2.944486e+01  3.000000e-01
     vertex -1.300000e+01 -2.771281e+01  3.000000e-01
   endloop
 endfacet
 facet normal -8.660254e-01  5.000000e-01  0.000000e+00
   outer loop
     vertex -1.400000e+01 -3.290897e+01  0.000000e+00
     vertex -1.200000e+01 -2.944486e+01  3.000000e-01
     vertex -1.200000e+01 -2.944486e+01  0.000000e+00
   endloop
 endfacet
 facet normal -8.660254e-01  5.000000e-01  0.000000e+00
   outer loop
     vertex -1.400000e+01 -3.290897e+01  0.000000e+00
     vertex -1.400000e+01 -3.290897e+01  3.000000e-01
     vertex -1.200000e+01 -2.944486e+01  3.000000e-01
   endloop
 endfacet
 facet normal -8.660254e-01 -5.000000e-01  0.000000e+00
   outer loop
     vertex -1.250000e+01 -3.550704e+01  0.000000e+00
     vertex -1.400000e+01 -3.290897e+01  3.000000e-01
     vertex -1.400000e+01 -3.290897e+01  0.000000e+00
   endloop
 endfacet
 facet normal -8.660254e-01 -5.000000e-01  0.000000e+00
   outer loop
     vertex -1.250000e+01 -3.550704e+01  0.000000e+00
     vertex -1.250000e+01 -3.550704e+01  3.000000e-01
     vertex -1.400000e+01 -3.290897e+01  3.000000e-01
   endloop
 endfacet
 facet normal  0.000000e+00 -1.000000e+00  0.000000e+00
   outer loop
     vertex -9.500000e+00 -3.550704e+01  0.000000e+00
     vertex -1.250000e+01 -3.550704e+01  3.000000e-01
     vertex -1.250000e+01 -3.550704e+01  0.000000e+00
   endloop
 endfacet
 facet normal  0.000000e+00 -1.000000e+00  0.000000e+00
   outer loop
     vertex -9.500000e+00 -3.550704e+01  0.000000e+00
     vertex -9.500000e+00 -3.550704e+01  3.000000e-01
     vertex -1.250000e+01 -3.550704e+01  3.000000e-01
   endloop
 endfacet
 facet normal  8.660254e-01 -5.000000e-01  0.000000e+00
   outer loop
     vertex -9.000000e+00 -3.464102e+01  0.000000e+00
     vertex -9.500000e+00 -3.550704e+01  3.000000e-01
     vertex -9.500000e+00 -3.550704e+01  0.000000e+00
   endloop
 endfacet
 facet normal  8.660254e-01 -5.000000e-01  0.000000e+00
   outer loop
     vertex -9.000000e+00 -3.464102e+01  0.000000e+00
     vertex -9.000000e+00 -3.464102e+01  3.000000e-01
     vertex -9.500000e+00 -3.550704e+01  3.000000e-01
   endloop
 endfacet
 facet normal -8.660254e-01 -5.000000e-01  0.000000e+00
   outer loop
     vertex -8.000000e+00 -3.637307e+01  0.000000e+00
     vertex -9.000000e+00 -3.464102e+01  3.000000e-01
     vertex -9.000000e+00 -3.464102e+01  0.000000e+00
   endloop
 endfacet
 facet normal -8.660254e-01 -5.000000e-01  0.000000e+00
   outer loop
     vertex -8.000000e+00 -3.637307e+01  0.000000e+00
     vertex -8.000000e+00 -3.637307e+01  3.000000e-01
     vertex -9.000000e+00 -3.464102e+01  3.000000e-01
   endloop
 endfacet
 facet normal  0.000000e+00 -1.000000e+00  0.000000e+00
   outer loop
     vertex -5.000000e+00 -3.637307e+01  0.000000e+00
     vertex -8.000000e+00 -3.637307e+01  3.000000e-01
     vertex -8.000000e+00 -3.637307e+01  0.000000e+00
   endloop
 endfacet
 facet normal  0.000000e+00 -1.000000e+00  0.000000e+00
   outer loop
     vertex -5.000000e+00 -3.637307e+01  0.000000e+00
     vertex -5.000000e+00 -3.637307e+01  3.000000e-01
     vertex -8.000000e+00 -3.637307e+01  3.000000e-01
   endloop
 endfacet
 facet normal  8.660254e-01 -5.000000e-01  0.000000e+00
   outer loop
     vertex -3.500000e+00 -3.377499e+01  0.000000e+00
     vertex -5.000000e+00 -3.637307e+01  3.000000e-01
     vertex -5.000000e+00 -3.637307e+01  0.000000e+00
   endloop
 endfacet
 facet normal  8.660254e-01 -5.000000e-01  0.000000e+00
   outer loop
     vertex -3.500000e+00 -3.377499e+01  0.000000e+00
     vertex -3.500000e+00 -3.377499e+01  3.000000e-01
     vertex -5.000000e+00 -3.637307e+01  3.000000e-01
   endloop
 endfacet
 facet normal  8.660254e-01  5.000000e-01  0.000000e+00
   outer loop
     vertex -4.500000e+00 -3.204294e+01  0.000000e+00
     vertex -3.500000e+00 -3.377499e+01  3.000000e-01
     vertex -3.500000e+00 -3.377499e+01  0.000000e+00
   endloop
 endfacet
 facet normal  8.660254e-01  5.000000e-01 -0.000000e+00
   outer loop
     vertex -4.500000e+00 -3.204294e+01  0.000000e+00
     vertex -4.500000e+00 -3.204294e+01  3.000000e-01
     vertex -3.500000e+00 -3.377499e+01  3.000000e-01
   endloop
 endfacet
 facet normal  0.000000e+00 -1.000000e+00  0.000000e+00
   outer loop
     vertex -3.500000e+00 -3.204294e+01  0.000000e+00
     vertex -4.500000e+00 -3.204294e+01  3.000000e-01
     vertex -4.500000e+00 -3.204294e+01  0.000000e+00
   endloop
 endfacet
 facet normal  0.000000e+00 -1.000000e+00  0.000000e+00
   outer loop
     vertex -3.500000e+00 -3.204294e+01  0.000000e+00
     vertex -3.500000e+00 -3.204294e+01  3.000000e-01
     vertex -4.500000e+00 -3.204294e+01  3.000000e-01
   endloop
 endfacet
 facet normal  8.660254e-01 -5.000000e-01  0.000000e+00
   outer loop
     vertex -2.000000e+00 -2.944486e+01  0.000000e+00
     vertex -3.500000e+00 -3.204294e+01  3.000000e-01
     vertex -3.500000e+00 -3.204294e+01  0.000000e+00
   endloop
 endfacet
 facet normal  8.660254e-01 -5.000000e-01  0.000000e+00
   outer loop
     vertex -2.000000e+00 -2.944486e+01  0.000000e+00
     vertex -2.000000e+00 -2.944486e+01  3.000000e-01
     vertex -3.500000e+00 -3.204294e+01  3.000000e-01
   endloop
 endfacet
 facet normal  8.660254e-01  5.000000e-01  0.000000e+00
   outer loop
     vertex -3.500000e+00 -2.684679e+01  0.000000e+00
     vertex -2.000000e+00 -2.944486e+01  3.000000e-01
     vertex -2.000000e+00 -2.944486e+01  0.000000e+00
   endloop
 endfacet
 facet normal  8.660254e-01  5.000000e-01 -0.000000e+00
   outer loop
     vertex -3.500000e+00 -2.684679e+01  0.000000e+00
     vertex -3.500000e+00 -2.684679e+01  3.000000e-01
     vertex -2.000000e+00 -2.944486e+01  3.000000e-01
   endloop
 endfacet
 facet normal  0.000000e+00  1.000000e+00  0.000000e+00
   outer loop
     vertex -7.500000e+00 -2.684679e+01  0.000000e+00
     vertex -3.500000e+00 -2.684679e+01  3.000000e-01
     vertex -3.500000e+00 -2.684679e+01  0.000000e+00
   endloop
 endfacet
 facet normal  0.000000e+00  1.000000e+00  0.000000e+00
   outer loop
     vertex -7.500000e+00 -2.684679e+01  0.000000e+00
     vertex -7.500000e+00 -2.684679e+01  3.000000e-01
     vertex -3.500000e+00 -2.684679e+01  3.000000e-01
   endloop
 endfacet
 facet normal  8.660254e-01  5.000000e-01  0.000000e+00
   outer loop
     vertex -1.000000e+01 -2.251666e+01  0.000000e+00
     vertex -7.500000e+00 -2.684679e+01  3.000000e-01
     vertex -7.500000e+00 -2.684679e+01  0.000000e+00
   endloop
 endfacet
 facet normal  8.660254e-01  5.000000e-01 -0.000000e+00
   outer loop
     vertex -1.000000e+01 -2.251666e+01  0.000000e+00
     vertex -1.000000e+01 -2.251666e+01  3.000000e-01
     vertex -7.500000e+00 -2.684679e+01  3.000000e-01
   endloop
 endfacet
 facet normal  8.660254e-01 -5.000000e-01  0.000000e+00
   outer loop
     vertex  2.220446e-16 -5.196152e+00  3.000000e-01
     vertex -1.000000e+01 -2.251666e+01  3.000000e-01
     vertex -1.000000e+01 -2.251666e+01  0.000000e+00
   endloop
 endfacet
 facet normal  8.660254e-01 -5.000000e-01  0.000000e+00
   outer loop
     vertex  2.220446e-16 -5.196152e+00  0.000000e+00
     vertex  2.220446e-16 -5.196152e+00  3.000000e-01
     vertex -1.000000e+01 -2.251666e+01  0.000000e+00
   endloop
 endfacet
 facet normal -8.660254e-01 -5.000000e-01  0.000000e+00
   outer loop
     vertex  1.000000e+01 -2.251666e+01  0.000000e+00
     vertex  2.220446e-16 -5.196152e+00  3.000000e-01
     vertex  2.220446e-16 -5.196152e+00  0.000000e+00
   endloop
 endfacet
 facet normal -8.660254e-01 -5.000000e-01  0.000000e+00
   outer loop
     vertex  1.000000e+01 -2.251666e+01  0.000000e+00
     vertex  1.000000e+01 -2.251666e+01  3.000000e-01
     vertex  2.220446e-16 -5.196152e+00  3.000000e-01
   endloop
 endfacet
 facet normal -8.660254e-01  5.000000e-01  0.000000e+00
   outer loop
     vertex  7.500000e+00 -2.684679e+01  0.000000e+00
     vertex  1.000000e+01 -2.251666e+01  3.000000e-01
     vertex  1.000000e+01 -2.251666e+01  0.000000e+00
   endloop
 endfacet
 facet normal -8.660254e-01  5.000000e-01  0.000000e+00
   outer loop
     vertex  7.500000e+00 -2.684679e+01  0.000000e+00
     vertex  7.500000e+00 -2.684679e+01  3.000000e-01
     vertex  1.000000e+01 -2.251666e+01  3.000000e-01
   endloop
 endfacet
 facet normal  0.000000e+00  1.000000e+00  0.000000e+00
   outer loop
     vertex  3.500000e+00 -2.684679e+01  0.000000e+00
     vertex  7.500000e+00 -2.684679e+01  3.000000e-01
     vertex  7.500000e+00 -2.684679e+01  0.000000e+00
   endloop
 endfacet
 facet normal  0.000000e+00  1.000000e+00  0.000000e+00
   outer loop
     vertex  3.500000e+00 -2.684679e+01  0.000000e+00
     vertex  3.500000e+00 -2.684679e+01  3.000000e-01
     vertex  7.500000e+00 -2.684679e+01  3.000000e-01
   endloop
 endfacet
 facet normal -8.660254e-01  5.000000e-01  0.000000e+00
   outer loop
     vertex  2.000000e+00 -2.944486e+01  0.000000e+00
     vertex  3.500000e+00 -2.684679e+01  3.000000e-01
     vertex  3.500000e+00 -2.684679e+01  0.000000e+00
   endloop
 endfacet
 facet normal -8.660254e-01  5.000000e-01  0.000000e+00
   outer loop
     vertex  2.000000e+00 -2.944486e+01  0.000000e+00
     vertex  2.000000e+00 -2.944486e+01  3.000000e-01
     vertex  3.500000e+00 -2.684679e+01  3.000000e-01
   endloop
 endfacet
 facet normal -8.660254e-01 -5.000000e-01  0.000000e+00
   outer loop
     vertex  3.500000e+00 -3.204294e+01  0.000000e+00
     vertex  2.000000e+00 -2.944486e+01  3.000000e-01
     vertex  2.000000e+00 -2.944486e+01  0.000000e+00
   endloop
 endfacet
 facet normal -8.660254e-01 -5.000000e-01  0.000000e+00
   outer loop
     vertex  3.500000e+00 -3.204294e+01  0.000000e+00
     vertex  3.500000e+00 -3.204294e+01  3.000000e-01
     vertex  2.000000e+00 -2.944486e+01  3.000000e-01
   endloop
 endfacet
 facet normal  7.105427e-15 -1.000000e+00  0.000000e+00
   outer loop
     vertex  4.500000e+00 -3.204294e+01  0.000000e+00
     vertex  3.500000e+00 -3.204294e+01  3.000000e-01
     vertex  3.500000e+00 -3.204294e+01  0.000000e+00
   endloop
 endfacet
 facet normal  7.105427e-15 -1.000000e+00  0.000000e+00
   outer loop
     vertex  4.500000e+00 -3.204294e+01  0.000000e+00
     vertex  4.500000e+00 -3.204294e+01  3.000000e-01
     vertex  3.500000e+00 -3.204294e+01  3.000000e-01
   endloop
 endfacet
 facet normal -8.660254e-01  5.000000e-01  0.000000e+00
   outer loop
     vertex  3.500000e+00 -3.377499e+01  0.000000e+00
     vertex  4.500000e+00 -3.204294e+01  3.000000e-01
     vertex  4.500000e+00 -3.204294e+01  0.000000e+00
   endloop
 endfacet
 facet normal -8.660254e-01  5.000000e-01  0.000000e+00
   outer loop
     vertex  3.500000e+00 -3.377499e+01  0.000000e+00
     vertex  3.500000e+00 -3.377499e+01  3.000000e-01
     vertex  4.500000e+00 -3.204294e+01  3.000000e-01
   endloop
 endfacet
 facet normal -8.660254e-01 -5.000000e-01  0.000000e+00
   outer loop
     vertex  5.000000e+00 -3.637307e+01  0.000000e+00
     vertex  3.500000e+00 -3.377499e+01  3.000000e-01
     vertex  3.500000e+00 -3.377499e+01  0.000000e+00
   endloop
 endfacet
 facet normal -8.660254e-01 -5.000000e-01  0.000000e+00
   outer loop
     vertex  5.000000e+00 -3.637307e+01  0.000000e+00
     vertex  5.000000e+00 -3.637307e+01  3.000000e-01
     vertex  3.500000e+00 -3.377499e+01  3.000000e-01
   endloop
 endfacet
 facet normal  0.000000e+00 -1.000000e+00  0.000000e+00
   outer loop
     vertex  8.000000e+00 -3.637307e+01  0.000000e+00
     vertex  5.000000e+00 -3.637307e+01  3.000000e-01
     vertex  5.000000e+00 -3.637307e+01  0.000000e+00
   endloop
 endfacet
 facet normal  0.000000e+00 -1.000000e+00  0.000000e+00
   outer loop
     vertex  8.000000e+00 -3.637307e+01  0.000000e+00
     vertex  8.000000e+00 -3.637307e+01  3.000000e-01
     vertex  5.000000e+00 -3.637307e+01  3.000000e-01
   endloop
 endfacet
 facet normal  8.660254e-01 -5.000000e-01  0.000000e+00
   outer loop
     vertex  9.000000e+00 -3.464102e+01  0.000000e+00
     vertex  8.000000e+00 -3.637307e+01  3.000000e-01
     vertex  8.000000e+00 -3.637307e+01  0.000000e+00
   endloop
 endfacet
 facet normal  8.660254e-01 -5.000000e-01  0.000000e+00
   outer loop
     vertex  9.000000e+00 -3.464102e+01  0.000000e+00
     vertex  9.000000e+00 -3.464102e+01  3.000000e-01
     vertex  8.000000e+00 -3.637307e+01  3.000000e-01
   endloop
 endfacet
 facet normal -8.660254e-01 -5.000000e-01  0.000000e+00
   outer loop
     vertex  9.500000e+00 -3.550704e+01  0.000000e+00
     vertex  9.000000e+00 -3.464102e+01  3.000000e-01
     vertex  9.000000e+00 -3.464102e+01  0.000000e+00
   endloop
 endfacet
 facet normal -8.660254e-01 -5.000000e-01  0.000000e+00
   outer loop
     vertex  9.500000e+00 -3.550704e+01  0.000000e+00
     vertex  9.500000e+00 -3.550704e+01  3.000000e-01
     vertex  9.000000e+00 -3.464102e+01  3.000000e-01
   endloop
 endfacet
 facet normal  0.000000e+00 -1.000000e+00  0.000000e+00
   outer loop
     vertex  1.250000e+01 -3.550704e+01  0.000000e+00
     vertex  9.500000e+00 -3.550704e+01  3.000000e-01
     vertex  9.500000e+00 -3.550704e+01  0.000000e+00
   endloop
 endfacet
 facet normal  0.000000e+00 -1.000000e+00  0.000000e+00
   outer loop
     vertex  1.250000e+01 -3.550704e+01  0.000000e+00
     vertex  1.250000e+01 -3.550704e+01  3.000000e-01
     vertex  9.500000e+00 -3.550704e+01  3.000000e-01
   endloop
 endfacet
 facet normal  8.660254e-01 -5.000000e-01  0.000000e+00
   outer loop
     vertex  1.400000e+01 -3.290897e+01  0.000000e+00
     vertex  1.250000e+01 -3.550704e+01  3.000000e-01
     vertex  1.250000e+01 -3.550704e+01  0.000000e+00
   endloop
 endfacet
 facet normal  8.660254e-01 -5.000000e-01  0.000000e+00
   outer loop
     vertex  1.400000e+01 -3.290897e+01  0.000000e+00
     vertex  1.400000e+01 -3.290897e+01  3.000000e-01
     vertex  1.250000e+01 -3.550704e+01  3.000000e-01
   endloop
 endfacet
 facet normal  8.660254e-01  5.000000e-01  0.000000e+00
   outer loop
     vertex  1.200000e+01 -2.944486e+01  0.000000e+00
     vertex  1.400000e+01 -3.290897e+01  3.000000e-01
     vertex  1.400000e+01 -3.290897e+01  0.000000e+00
   endloop
 endfacet
 facet normal  8.660254e-01  5.000000e-01 -0.000000e+00
   outer loop
     vertex  1.200000e+01 -2.944486e+01  0.000000e+00
     vertex  1.200000e+01 -2.944486e+01  3.000000e-01
     vertex  1.400000e+01 -3.290897e+01  3.000000e-01
   endloop
 endfacet
 facet normal  8.660254e-01 -5.000000e-01  0.000000e+00
   outer loop
     vertex  1.300000e+01 -2.771281e+01  0.000000e+00
     vertex  1.200000e+01 -2.944486e+01  3.000000e-01
     vertex  1.200000e+01 -2.944486e+01  0.000000e+00
   endloop
 endfacet
 facet normal  8.660254e-01 -5.000000e-01  0.000000e+00
   outer loop
     vertex  1.300000e+01 -2.771281e+01  0.000000e+00
     vertex  1.300000e+01 -2.771281e+01  3.000000e-01
     vertex  1.200000e+01 -2.944486e+01  3.000000e-01
   endloop
 endfacet
 facet normal -8.660254e-01 -5.000000e-01  0.000000e+00
   outer loop
     vertex  1.800000e+01 -3.637307e+01  0.000000e+00
     vertex  1.300000e+01 -2.771281e+01  3.000000e-01
     vertex  1.300000e+01 -2.771281e+01  0.000000e+00
   endloop
 endfacet
 facet normal -8.660254e-01 -5.000000e-01  0.000000e+00
   outer loop
     vertex  1.800000e+01 -3.637307e+01  0.000000e+00
     vertex  1.800000e+01 -3.637307e+01  3.000000e-01
     vertex  1.300000e+01 -2.771281e+01  3.000000e-01
   endloop
 endfacet
 facet normal  0.000000e+00 -1.000000e+00  0.000000e+00
   outer loop
     vertex  2.100000e+01 -3.637307e+01  0.000000e+00
     vertex  1.800000e+01 -3.637307e+01  3.000000e-01
     vertex  1.800000e+01 -3.637307e+01  0.000000e+00
   endloop
 endfacet
 facet normal  0.000000e+00 -1.000000e+00  0.000000e+00
   outer loop
     vertex  2.100000e+01 -3.637307e+01  0.000000e+00
     vertex  2.100000e+01 -3.637307e+01  3.000000e-01
     vertex  1.800000e+01 -3.637307e+01  3.000000e-01
   endloop
 endfacet
 facet normal  8.660254e-01 -5.000000e-01  0.000000e+00
   outer loop
     vertex  2.250000e+01 -3.377499e+01  0.000000e+00
     vertex  2.100000e+01 -3.637307e+01  3.000000e-01
     vertex  2.100000e+01 -3.637307e+01  0.000000e+00
   endloop
 endfacet
 facet normal  8.660254e-01 -5.000000e-01  0.000000e+00
   outer loop
     vertex  2.250000e+01 -3.377499e+01  0.000000e+00
     vertex  2.250000e+01 -3.377499e+01  3.000000e-01
     vertex  2.100000e+01 -3.637307e+01  3.000000e-01
   endloop
 endfacet
 facet normal  8.660254e-01  5.000000e-01  0.000000e+00
   outer loop
     vertex  1.750000e+01 -2.511474e+01  0.000000e+00
     vertex  2.250000e+01 -3.377499e+01  3.000000e-01
     vertex  2.250000e+01 -3.377499e+01  0.000000e+00
   endloop
 endfacet
 facet normal  8.660254e-01  5.000000e-01 -0.000000e+00
   outer loop
     vertex  1.750000e+01 -2.511474e+01  0.000000e+00
     vertex  1.750000e+01 -2.511474e+01  3.000000e-01
     vertex  2.250000e+01 -3.377499e+01  3.000000e-01
   endloop
 endfacet
 facet normal  0.000000e+00 -1.000000e+00  0.000000e+00
   outer loop
     vertex  1.950000e+01 -2.511474e+01  0.000000e+00
     vertex  1.750000e+01 -2.511474e+01  3.000000e-01
     vertex  1.750000e+01 -2.511474e+01  0.000000e+00
   endloop
 endfacet
 facet normal  0.000000e+00 -1.000000e+00  0.000000e+00
   outer loop
     vertex  1.950000e+01 -2.511474e+01  0.000000e+00
     vertex  1.950000e+01 -2.511474e+01  3.000000e-01
     vertex  1.750000e+01 -2.511474e+01  3.000000e-01
   endloop
 endfacet
 facet normal -8.660254e-01 -5.000000e-01  0.000000e+00
   outer loop
     vertex  2.150000e+01 -2.857884e+01  0.000000e+00
     vertex  1.950000e+01 -2.511474e+01  3.000000e-01
     vertex  1.950000e+01 -2.511474e+01  0.000000e+00
   endloop
 endfacet
 facet normal -8.660254e-01 -5.000000e-01  0.000000e+00
   outer loop
     vertex  2.150000e+01 -2.857884e+01  0.000000e+00
     vertex  2.150000e+01 -2.857884e+01  3.000000e-01
     vertex  1.950000e+01 -2.511474e+01  3.000000e-01
   endloop
 endfacet
 facet normal  2.368476e-15 -1.000000e+00  0.000000e+00
   outer loop
     vertex  2.450000e+01 -2.857884e+01  0.000000e+00
     vertex  2.150000e+01 -2.857884e+01  3.000000e-01
     vertex  2.150000e+01 -2.857884e+01  0.000000e+00
   endloop
 endfacet
 facet normal  2.368476e-15 -1.000000e+00  0.000000e+00
   outer loop
     vertex  2.450000e+01 -2.857884e+01  0.000000e+00
     vertex  2.450000e+01 -2.857884e+01  3.000000e-01
     vertex  2.150000e+01 -2.857884e+01  3.000000e-01
   endloop
 endfacet
 facet normal  8.660254e-01 -5.000000e-01  0.000000e+00
   outer loop
     vertex  2.600000e+01 -2.598076e+01  0.000000e+00
     vertex  2.450000e+01 -2.857884e+01  3.000000e-01
     vertex  2.450000e+01 -2.857884e+01  0.000000e+00
   endloop
 endfacet
 facet normal  8.660254e-01 -5.000000e-01  0.000000e+00
   outer loop
     vertex  2.600000e+01 -2.598076e+01  0.000000e+00
     vertex  2.600000e+01 -2.598076e+01  3.000000e-01
     vertex  2.450000e+01 -2.857884e+01  3.000000e-01
   endloop
 endfacet
 facet normal  8.660254e-01  5.000000e-01  0.000000e+00
   outer loop
     vertex  2.550000e+01 -2.511474e+01  0.000000e+00
     vertex  2.600000e+01 -2.598076e+01  3.000000e-01
     vertex  2.600000e+01 -2.598076e+01  0.000000e+00
   endloop
 endfacet
 facet normal  8.660254e-01  5.000000e-01 -0.000000e+00
   outer loop
     vertex  2.550000e+01 -2.511474e+01  0.000000e+00
     vertex  2.550000e+01 -2.511474e+01  3.000000e-01
     vertex  2.600000e+01 -2.598076e+01  3.000000e-01
   endloop
 endfacet
 facet normal -1.776357e-15 -1.000000e+00  0.000000e+00
   outer loop
     vertex  2.750000e+01 -2.511474e+01  0.000000e+00
     vertex  2.550000e+01 -2.511474e+01  3.000000e-01
     vertex  2.550000e+01 -2.511474e+01  0.000000e+00
   endloop
 endfacet
 facet normal -1.776357e-15 -1.000000e+00  0.000000e+00
   outer loop
     vertex  2.750000e+01 -2.511474e+01  0.000000e+00
     vertex  2.750000e+01 -2.511474e+01  3.000000e-01
     vertex  2.550000e+01 -2.511474e+01  3.000000e-01
   endloop
 endfacet
 facet normal  8.660254e-01 -5.000000e-01  0.000000e+00
   outer loop
     vertex  2.900000e+01 -2.251666e+01  0.000000e+00
     vertex  2.750000e+01 -2.511474e+01  3.000000e-01
     vertex  2.750000e+01 -2.511474e+01  0.000000e+00
   endloop
 endfacet
 facet normal  8.660254e-01 -5.000000e-01  0.000000e+00
   outer loop
     vertex  2.900000e+01 -2.251666e+01  0.000000e+00
     vertex  2.900000e+01 -2.251666e+01  3.000000e-01
     vertex  2.750000e+01 -2.511474e+01  3.000000e-01
   endloop
 endfacet
 facet normal  8.660254e-01  5.000000e-01  0.000000e+00
   outer loop
     vertex  2.750000e+01 -1.991858e+01  0.000000e+00
     vertex  2.900000e+01 -2.251666e+01  3.000000e-01
     vertex  2.900000e+01 -2.251666e+01  0.000000e+00
   endloop
 endfacet
 facet normal  8.660254e-01  5.000000e-01 -0.000000e+00
   outer loop
     vertex  2.750000e+01 -1.991858e+01  0.000000e+00
     vertex  2.750000e+01 -1.991858e+01  3.000000e-01
     vertex  2.900000e+01 -2.251666e+01  3.000000e-01
   endloop
 endfacet
 facet normal  1.776357e-15  1.000000e+00  0.000000e+00
   outer loop
     vertex  2.550000e+01 -1.991858e+01  0.000000e+00
     vertex  2.750000e+01 -1.991858e+01  3.000000e-01
     vertex  2.750000e+01 -1.991858e+01  0.000000e+00
   endloop
 endfacet
 facet normal  1.776357e-15  1.000000e+00 -0.000000e+00
   outer loop
     vertex  2.550000e+01 -1.991858e+01  0.000000e+00
     vertex  2.550000e+01 -1.991858e+01  3.000000e-01
     vertex  2.750000e+01 -1.991858e+01  3.000000e-01
   endloop
 endfacet
 facet normal  8.660254e-01 -5.000000e-01  0.000000e+00
   outer loop
     vertex  2.600000e+01 -1.905256e+01  0.000000e+00
     vertex  2.550000e+01 -1.991858e+01  3.000000e-01
     vertex  2.550000e+01 -1.991858e+01  0.000000e+00
   endloop
 endfacet
 facet normal  8.660254e-01 -5.000000e-01  0.000000e+00
   outer loop
     vertex  2.600000e+01 -1.905256e+01  0.000000e+00
     vertex  2.600000e+01 -1.905256e+01  3.000000e-01
     vertex  2.550000e+01 -1.991858e+01  3.000000e-01
   endloop
 endfacet
 facet normal  8.660254e-01  5.000000e-01  0.000000e+00
   outer loop
     vertex  2.450000e+01 -1.645448e+01  0.000000e+00
     vertex  2.600000e+01 -1.905256e+01  3.000000e-01
     vertex  2.600000e+01 -1.905256e+01  0.000000e+00
   endloop
 endfacet
 facet normal  8.660254e-01  5.000000e-01 -0.000000e+00
   outer loop
     vertex  2.450000e+01 -1.645448e+01  0.000000e+00
     vertex  2.450000e+01 -1.645448e+01  3.000000e-01
     vertex  2.600000e+01 -1.905256e+01  3.000000e-01
   endloop
 endfacet
 facet normal -1.184238e-15  1.000000e+00  0.000000e+00
   outer loop
     vertex  2.150000e+01 -1.645448e+01  0.000000e+00
     vertex  2.450000e+01 -1.645448e+01  3.000000e-01
     vertex  2.450000e+01 -1.645448e+01  0.000000e+00
   endloop
 endfacet
 facet normal -1.184238e-15  1.000000e+00  0.000000e+00
   outer loop
     vertex  2.150000e+01 -1.645448e+01  0.000000e+00
     vertex  2.150000e+01 -1.645448e+01  3.000000e-01
     vertex  2.450000e+01 -1.645448e+01  3.000000e-01
   endloop
 endfacet
 facet normal -8.660254e-01  5.000000e-01  0.000000e+00
   outer loop
     vertex  1.950000e+01 -1.991858e+01  0.000000e+00
     vertex  2.150000e+01 -1.645448e+01  3.000000e-01
     vertex  2.150000e+01 -1.645448e+01  0.000000e+00
   endloop
 endfacet
 facet normal -8.660254e-01  5.000000e-01  0.000000e+00
   outer loop
     vertex  1.950000e+01 -1.991858e+01  0.000000e+00
     vertex  1.950000e+01 -1.991858e+01  3.000000e-01
     vertex  2.150000e+01 -1.645448e+01  3.000000e-01
   endloop
 endfacet
 facet normal -7.105427e-16  1.000000e+00  0.000000e+00
   outer loop
     vertex  1.450000e+01 -1.991858e+01  0.000000e+00
     vertex  1.950000e+01 -1.991858e+01  3.000000e-01
     vertex  1.950000e+01 -1.991858e+01  0.000000e+00
   endloop
 endfacet
 facet normal -7.105427e-16  1.000000e+00  0.000000e+00
   outer loop
     vertex  1.450000e+01 -1.991858e+01  0.000000e+00
     vertex  1.450000e+01 -1.991858e+01  3.000000e-01
     vertex  1.950000e+01 -1.991858e+01  3.000000e-01
   endloop
 endfacet
 facet normal  8.660254e-01  5.000000e-01  0.000000e+00
   outer loop
     vertex  4.500000e+00 -2.598076e+00  0.000000e+00
     vertex  1.450000e+01 -1.991858e+01  3.000000e-01
     vertex  1.450000e+01 -1.991858e+01  0.000000e+00
   endloop
 endfacet
 facet normal  8.660254e-01  5.000000e-01 -0.000000e+00
   outer loop
     vertex  4.500000e+00 -2.598076e+00  0.000000e+00
     vertex  4.500000e+00 -2.598076e+00  3.000000e-01
     vertex  1.450000e+01 -1.991858e+01  3.000000e-01
   endloop
 endfacet
 facet normal -2.886580e-16 -1.000000e+00  0.000000e+00
   outer loop
     vertex  2.450000e+01 -2.598076e+00  3.000000e-01
     vertex  4.500000e+00 -2.598076e+00  3.000000e-01
     vertex  4.500000e+00 -2.598076e+00  0.000000e+00
   endloop
 endfacet
 facet normal -2.886580e-16 -1.000000e+00  0.000000e+00
   outer loop
     vertex  2.450000e+01 -2.598076e+00  0.000000e+00
     vertex  2.450000e+01 -2.598076e+00  3.000000e-01
     vertex  4.500000e+00 -2.598076e+00  0.000000e+00
   endloop
 endfacet
 facet normal -8.660254e-01 -5.000000e-01  0.000000e+00
   outer loop
     vertex  2.700000e+01 -6.928203e+00  0.000000e+00
     vertex  2.450000e+01 -2.598076e+00  3.000000e-01
     vertex  2.450000e+01 -2.598076e+00  0.000000e+00
   endloop
 endfacet
 facet normal -8.660254e-01 -5.000000e-01  0.000000e+00
   outer loop
     vertex  2.700000e+01 -6.928203e+00  0.000000e+00
     vertex  2.700000e+01 -6.928203e+00  3.000000e-01
     vertex  2.450000e+01 -2.598076e+00  3.000000e-01
   endloop
 endfacet
 facet normal -8.660254e-01  5.000000e-01  0.000000e+00
   outer loop
     vertex  2.500000e+01 -1.039230e+01  0.000000e+00
     vertex  2.700000e+01 -6.928203e+00  3.000000e-01
     vertex  2.700000e+01 -6.928203e+00  0.000000e+00
   endloop
 endfacet
 facet normal -8.660254e-01  5.000000e-01  0.000000e+00
   outer loop
     vertex  2.500000e+01 -1.039230e+01  0.000000e+00
     vertex  2.500000e+01 -1.039230e+01  3.000000e-01
     vertex  2.700000e+01 -6.928203e+00  3.000000e-01
   endloop
 endfacet
 facet normal -8.660254e-01 -5.000000e-01  0.000000e+00
   outer loop
     vertex  2.650000e+01 -1.299038e+01  0.000000e+00
     vertex  2.500000e+01 -1.039230e+01  3.000000e-01
     vertex  2.500000e+01 -1.039230e+01  0.000000e+00
   endloop
 endfacet
 facet normal -8.660254e-01 -5.000000e-01  0.000000e+00
   outer loop
     vertex  2.650000e+01 -1.299038e+01  0.000000e+00
     vertex  2.650000e+01 -1.299038e+01  3.000000e-01
     vertex  2.500000e+01 -1.039230e+01  3.000000e-01
   endloop
 endfacet
 facet normal  0.000000e+00 -1.000000e+00  0.000000e+00
   outer loop
     vertex  2.950000e+01 -1.299038e+01  0.000000e+00
     vertex  2.650000e+01 -1.299038e+01  3.000000e-01
     vertex  2.650000e+01 -1.299038e+01  0.000000e+00
   endloop
 endfacet
 facet normal  0.000000e+00 -1.000000e+00  0.000000e+00
   outer loop
     vertex  2.950000e+01 -1.299038e+01  0.000000e+00
     vertex  2.950000e+01 -1.299038e+01  3.000000e-01
     vertex  2.650000e+01 -1.299038e+01  3.000000e-01
   endloop
 endfacet
 facet normal  8.660254e-01 -5.000000e-01  0.000000e+00
   outer loop
     vertex  3.000000e+01 -1.212436e+01  0.000000e+00
     vertex  2.950000e+01 -1.299038e+01  3.000000e-01
     vertex  2.950000e+01 -1.299038e+01  0.000000e+00
   endloop
 endfacet
 facet normal  8.660254e-01 -5.000000e-01  0.000000e+00
   outer loop
     vertex  3.000000e+01 -1.212436e+01  0.000000e+00
     vertex  3.000000e+01 -1.212436e+01  3.000000e-01
     vertex  2.950000e+01 -1.299038e+01  3.000000e-01
   endloop
 endfacet
 facet normal -8.660254e-01 -5.000000e-01  0.000000e+00
   outer loop
     vertex  3.100000e+01 -1.385641e+01  0.000000e+00
     vertex  3.000000e+01 -1.212436e+01  3.000000e-01
     vertex  3.000000e+01 -1.212436e+01  0.000000e+00
   endloop
 endfacet
 facet normal -8.660254e-01 -5.000000e-01  0.000000e+00
   outer loop
     vertex  3.100000e+01 -1.385641e+01  0.000000e+00
     vertex  3.100000e+01 -1.385641e+01  3.000000e-01
     vertex  3.000000e+01 -1.212436e+01  3.000000e-01
   endloop
 endfacet
 facet normal -5.921189e-16 -1.000000e+00  0.000000e+00
   outer loop
     vertex  3.400000e+01 -1.385641e+01  0.000000e+00
     vertex  3.100000e+01 -1.385641e+01  3.000000e-01
     vertex  3.100000e+01 -1.385641e+01  0.000000e+00
   endloop
 endfacet
 facet normal -5.921189e-16 -1.000000e+00  0.000000e+00
   outer loop
     vertex  3.400000e+01 -1.385641e+01  0.000000e+00
     vertex  3.400000e+01 -1.385641e+01  3.000000e-01
     vertex  3.100000e+01 -1.385641e+01  3.000000e-01
   endloop
 endfacet
 facet normal  8.660254e-01 -5.000000e-01  0.000000e+00
   outer loop
     vertex  3.550000e+01 -1.125833e+01  0.000000e+00
     vertex  3.400000e+01 -1.385641e+01  3.000000e-01
     vertex  3.400000e+01 -1.385641e+01  0.000000e+00
   endloop
 endfacet
 facet normal  8.660254e-01 -5.000000e-01  0.000000e+00
   outer loop
     vertex  3.550000e+01 -1.125833e+01  0.000000e+00
     vertex  3.550000e+01 -1.125833e+01  3.000000e-01
     vertex  3.400000e+01 -1.385641e+01  3.000000e-01
   endloop
 endfacet
 facet normal  8.660254e-01  5.000000e-01  0.000000e+00
   outer loop
     vertex  3.450000e+01 -9.526279e+00  0.000000e+00
     vertex  3.550000e+01 -1.125833e+01  3.000000e-01
     vertex  3.550000e+01 -1.125833e+01  0.000000e+00
   endloop
 endfacet
 facet normal  8.660254e-01  5.000000e-01 -0.000000e+00
   outer loop
     vertex  3.450000e+01 -9.526279e+00  0.000000e+00
     vertex  3.450000e+01 -9.526279e+00  3.000000e-01
     vertex  3.550000e+01 -1.125833e+01  3.000000e-01
   endloop
 endfacet
 facet normal  0.000000e+00 -1.000000e+00  0.000000e+00
   outer loop
     vertex  3.550000e+01 -9.526279e+00  0.000000e+00
     vertex  3.450000e+01 -9.526279e+00  3.000000e-01
     vertex  3.450000e+01 -9.526279e+00  0.000000e+00
   endloop
 endfacet
 facet normal  0.000000e+00 -1.000000e+00  0.000000e+00
   outer loop
     vertex  3.550000e+01 -9.526279e+00  0.000000e+00
     vertex  3.550000e+01 -9.526279e+00  3.000000e-01
     vertex  3.450000e+01 -9.526279e+00  3.000000e-01
   endloop
 endfacet
 facet normal  8.660254e-01 -5.000000e-01  0.000000e+00
   outer loop
     vertex  3.700000e+01 -6.928203e+00  0.000000e+00
     vertex  3.550000e+01 -9.526279e+00  3.000000e-01
     vertex  3.550000e+01 -9.526279e+00  0.000000e+00
   endloop
 endfacet
 facet normal  8.660254e-01 -5.000000e-01  0.000000e+00
   outer loop
     vertex  3.700000e+01 -6.928203e+00  0.000000e+00
     vertex  3.700000e+01 -6.928203e+00  3.000000e-01
     vertex  3.550000e+01 -9.526279e+00  3.000000e-01
   endloop
 endfacet
 facet normal  8.660254e-01  5.000000e-01  0.000000e+00
   outer loop
     vertex  3.550000e+01 -4.330127e+00  0.000000e+00
     vertex  3.700000e+01 -6.928203e+00  3.000000e-01
     vertex  3.700000e+01 -6.928203e+00  0.000000e+00
   endloop
 endfacet
 facet normal  8.660254e-01  5.000000e-01 -0.000000e+00
   outer loop
     vertex  3.550000e+01 -4.330127e+00  0.000000e+00
     vertex  3.550000e+01 -4.330127e+00  3.000000e-01
     vertex  3.700000e+01 -6.928203e+00  3.000000e-01
   endloop
 endfacet
 facet normal  2.220446e-16  1.000000e+00  0.000000e+00
   outer loop
     vertex  3.150000e+01 -4.330127e+00  0.000000e+00
     vertex  3.550000e+01 -4.330127e+00  3.000000e-01
     vertex  3.550000e+01 -4.330127e+00  0.000000e+00
   endloop
 endfacet
 facet normal  2.220446e-16  1.000000e+00 -0.000000e+00
   outer loop
     vertex  3.150000e+01 -4.330127e+00  0.000000e+00
     vertex  3.150000e+01 -4.330127e+00  3.000000e-01
     vertex  3.550000e+01 -4.330127e+00  3.000000e-01
   endloop
 endfacet
 facet normal  8.660254e-01  5.000000e-01  0.000000e+00
   outer loop
     vertex  3.050000e+01 -2.598076e+00  0.000000e+00
     vertex  3.150000e+01 -4.330127e+00  3.000000e-01
     vertex  3.150000e+01 -4.330127e+00  0.000000e+00
   endloop
 endfacet
 facet normal  8.660254e-01  5.000000e-01 -0.000000e+00
   outer loop
     vertex  3.050000e+01 -2.598076e+00  0.000000e+00
     vertex  3.050000e+01 -2.598076e+00  3.000000e-01
     vertex  3.150000e+01 -4.330127e+00  3.000000e-01
   endloop
 endfacet
 facet normal -2.220446e-16 -1.000000e+00  0.000000e+00
   outer loop
     vertex  4.050000e+01 -2.598076e+00  0.000000e+00
     vertex  3.050000e+01 -2.598076e+00  3.000000e-01
     vertex  3.050000e+01 -2.598076e+00  0.000000e+00
   endloop
 endfacet
 facet normal -2.220446e-16 -1.000000e+00  0.000000e+00
   outer loop
     vertex  4.050000e+01 -2.598076e+00  0.000000e+00
     vertex  4.050000e+01 -2.598076e+00  3.000000e-01
     vertex  3.050000e+01 -2.598076e+00  3.000000e-01
   endloop
 endfacet
 facet normal  8.660254e-01 -5.000000e-01  0.000000e+00
   outer loop
     vertex  4.200000e+01  0.000000e+00  0.000000e+00
     vertex  4.050000e+01 -2.598076e+00  3.000000e-01
     vertex  4.050000e+01 -2.598076e+00  0.000000e+00
   endloop
 endfacet
 facet normal  8.660254e-01 -5.000000e-01  0.000000e+00
   outer loop
     vertex  4.200000e+01  0.000000e+00  0.000000e+00
     vertex  4.200000e+01  0.000000e+00  3.000000e-01
     vertex  4.050000e+01 -2.598076e+00  3.000000e-01
   endloop
 endfacet
 facet normal  0.000000e+00  0.000000e+00 -1.000000e+00
   outer loop
     vertex -1.800000e+01 -3.637307e+01  0.000000e+00
     vertex -2.100000e+01 -3.637307e+01  0.000000e+00
     vertex -2.250000e+01 -3.377499e+01  0.000000e+00
   endloop
 endfacet
 facet normal  0.000000e+00  0.000000e+00 -1.000000e+00
   outer loop
     vertex -2.550000e+01 -2.511474e+01  0.000000e+00
     vertex -2.750000e+01 -2.511474e+01  0.000000e+00
     vertex -2.900000e+01 -2.251666e+01  0.000000e+00
   endloop
 endfacet
 facet normal  0.000000e+00 -0.000000e+00 -1.000000e+00
   outer loop
     vertex -2.550000e+01 -2.511474e+01  0.000000e+00
     vertex -2.450000e+01 -2.857884e+01  0.000000e+00
     vertex -2.600000e+01 -2.598076e+01  0.000000e+00
   endloop
 endfacet
 facet normal  0.000000e+00  0.000000e+00 -1.000000e+00
   outer loop
     vertex -2.150000e+01 -2.857884e+01  0.000000e+00
     vertex -2.450000e+01 -2.857884e+01  0.000000e+00
     vertex -2.550000e+01 -2.511474e+01  0.000000e+00
   endloop
 endfacet
 facet normal  0.000000e+00 -0.000000e+00 -1.000000e+00
   outer loop
     vertex -2.550000e+01 -1.991858e+01  0.000000e+00
     vertex -2.550000e+01 -2.511474e+01  0.000000e+00
     vertex -2.900000e+01 -2.251666e+01  0.000000e+00
   endloop
 endfacet
 facet normal -0.000000e+00  0.000000e+00 -1.000000e+00
   outer loop
     vertex -2.550000e+01 -1.991858e+01  0.000000e+00
     vertex -2.900000e+01 -2.251666e+01  0.000000e+00
     vertex -2.750000e+01 -1.991858e+01  0.000000e+00
   endloop
 endfacet
 facet normal -0.000000e+00  0.000000e+00 -1.000000e+00
   outer loop
     vertex -1.950000e+01 -2.511474e+01  0.000000e+00
     vertex -2.150000e+01 -2.857884e+01  0.000000e+00
     vertex -2.550000e+01 -2.511474e+01  0.000000e+00
   endloop
 endfacet
 facet normal  0.000000e+00 -0.000000e+00 -1.000000e+00
   outer loop
     vertex -3.450000e+01 -9.526279e+00  0.000000e+00
     vertex -3.400000e+01 -1.385641e+01  0.000000e+00
     vertex -3.550000e+01 -1.125833e+01  0.000000e+00
   endloop
 endfacet
 facet normal  0.000000e+00  0.000000e+00 -1.000000e+00
   outer loop
     vertex -3.700000e+01 -6.928203e+00  0.000000e+00
     vertex -3.450000e+01 -9.526279e+00  0.000000e+00
     vertex -3.550000e+01 -9.526279e+00  0.000000e+00
   endloop
 endfacet
 facet normal -0.000000e+00  0.000000e+00 -1.000000e+00
   outer loop
     vertex -9.000000e+00 -3.464102e+01  0.000000e+00
     vertex -1.250000e+01 -3.550704e+01  0.000000e+00
     vertex -1.400000e+01 -3.290897e+01  0.000000e+00
   endloop
 endfacet
 facet normal  0.000000e+00  0.000000e+00 -1.000000e+00
   outer loop
     vertex -9.000000e+00 -3.464102e+01  0.000000e+00
     vertex -9.500000e+00 -3.550704e+01  0.000000e+00
     vertex -1.250000e+01 -3.550704e+01  0.000000e+00
   endloop
 endfacet
 facet normal  0.000000e+00  0.000000e+00 -1.000000e+00
   outer loop
     vertex -3.000000e+01 -1.212436e+01  0.000000e+00
     vertex -3.100000e+01 -1.385641e+01  0.000000e+00
     vertex -3.400000e+01 -1.385641e+01  0.000000e+00
   endloop
 endfacet
 facet normal -0.000000e+00  0.000000e+00 -1.000000e+00
   outer loop
     vertex -3.000000e+01 -1.212436e+01  0.000000e+00
     vertex -3.400000e+01 -1.385641e+01  0.000000e+00
     vertex -3.450000e+01 -9.526279e+00  0.000000e+00
   endloop
 endfacet
 facet normal  0.000000e+00 -0.000000e+00 -1.000000e+00
   outer loop
     vertex -1.200000e+01 -2.944486e+01  0.000000e+00
     vertex -9.000000e+00 -3.464102e+01  0.000000e+00
     vertex -1.400000e+01 -3.290897e+01  0.000000e+00
   endloop
 endfacet
 facet normal  0.000000e+00  0.000000e+00 -1.000000e+00
   outer loop
     vertex -5.000000e+00 -3.637307e+01  0.000000e+00
     vertex -8.000000e+00 -3.637307e+01  0.000000e+00
     vertex -9.000000e+00 -3.464102e+01  0.000000e+00
   endloop
 endfacet
 facet normal  0.000000e+00  0.000000e+00 -1.000000e+00
   outer loop
     vertex -2.450000e+01 -1.645448e+01  0.000000e+00
     vertex -2.550000e+01 -1.991858e+01  0.000000e+00
     vertex -2.600000e+01 -1.905256e+01  0.000000e+00
   endloop
 endfacet
 facet normal  0.000000e+00 -0.000000e+00 -1.000000e+00
   outer loop
     vertex -3.550000e+01 -4.330127e+00  0.000000e+00
     vertex -3.450000e+01 -9.526279e+00  0.000000e+00
     vertex -3.700000e+01 -6.928203e+00  0.000000e+00
   endloop
 endfacet
 facet normal  0.000000e+00  0.000000e+00 -1.000000e+00
   outer loop
     vertex -2.650000e+01 -1.299038e+01  0.000000e+00
     vertex -2.950000e+01 -1.299038e+01  0.000000e+00
     vertex -3.000000e+01 -1.212436e+01  0.000000e+00
   endloop
 endfacet
 facet normal  0.000000e+00 -0.000000e+00 -1.000000e+00
   outer loop
     vertex -1.950000e+01 -1.991858e+01  0.000000e+00
     vertex -1.750000e+01 -2.511474e+01  0.000000e+00
     vertex -1.950000e+01 -2.511474e+01  0.000000e+00
   endloop
 endfacet
 facet normal -0.000000e+00  0.000000e+00 -1.000000e+00
   outer loop
     vertex -1.950000e+01 -1.991858e+01  0.000000e+00
     vertex -2.550000e+01 -2.511474e+01  0.000000e+00
     vertex -2.550000e+01 -1.991858e+01  0.000000e+00
   endloop
 endfacet
 facet normal  0.000000e+00  0.000000e+00 -1.000000e+00
   outer loop
     vertex -1.950000e+01 -1.991858e+01  0.000000e+00
     vertex -1.950000e+01 -2.511474e+01  0.000000e+00
     vertex -2.550000e+01 -2.511474e+01  0.000000e+00
   endloop
 endfacet
 facet normal -0.000000e+00  0.000000e+00 -1.000000e+00
   outer loop
     vertex -2.150000e+01 -1.645448e+01  0.000000e+00
     vertex -2.550000e+01 -1.991858e+01  0.000000e+00
     vertex -2.450000e+01 -1.645448e+01  0.000000e+00
   endloop
 endfacet
 facet normal  0.000000e+00 -0.000000e+00 -1.000000e+00
   outer loop
     vertex -2.150000e+01 -1.645448e+01  0.000000e+00
     vertex -1.950000e+01 -1.991858e+01  0.000000e+00
     vertex -2.550000e+01 -1.991858e+01  0.000000e+00
   endloop
 endfacet
 facet normal  0.000000e+00 -0.000000e+00 -1.000000e+00
   outer loop
     vertex -4.050000e+01  2.598076e+00  0.000000e+00
     vertex -4.050000e+01 -2.598076e+00  0.000000e+00
     vertex -4.200000e+01  5.236294e-15  0.000000e+00
   endloop
 endfacet
 facet normal  0.000000e+00 -0.000000e+00 -1.000000e+00
   outer loop
     vertex -4.500000e+00 -3.204294e+01  0.000000e+00
     vertex -3.500000e+00 -3.377499e+01  0.000000e+00
     vertex -5.000000e+00 -3.637307e+01  0.000000e+00
   endloop
 endfacet
 facet normal  0.000000e+00  0.000000e+00 -1.000000e+00
   outer loop
     vertex -4.500000e+00 -3.204294e+01  0.000000e+00
     vertex -5.000000e+00 -3.637307e+01  0.000000e+00
     vertex -9.000000e+00 -3.464102e+01  0.000000e+00
   endloop
 endfacet
 facet normal -0.000000e+00  0.000000e+00 -1.000000e+00
   outer loop
     vertex -3.150000e+01 -4.330127e+00  0.000000e+00
     vertex -3.450000e+01 -9.526279e+00  0.000000e+00
     vertex -3.550000e+01 -4.330127e+00  0.000000e+00
   endloop
 endfacet
 facet normal  0.000000e+00  0.000000e+00 -1.000000e+00
   outer loop
     vertex -2.500000e+01 -1.039230e+01  0.000000e+00
     vertex -2.650000e+01 -1.299038e+01  0.000000e+00
     vertex -3.000000e+01 -1.212436e+01  0.000000e+00
   endloop
 endfacet
 facet normal -0.000000e+00  0.000000e+00 -1.000000e+00
   outer loop
     vertex -1.450000e+01 -1.991858e+01  0.000000e+00
     vertex -1.750000e+01 -2.511474e+01  0.000000e+00
     vertex -1.950000e+01 -1.991858e+01  0.000000e+00
   endloop
 endfacet
 facet normal  0.000000e+00  0.000000e+00 -1.000000e+00
   outer loop
     vertex -7.500000e+00 -2.684679e+01  0.000000e+00
     vertex -1.200000e+01 -2.944486e+01  0.000000e+00
     vertex -1.300000e+01 -2.771281e+01  0.000000e+00
   endloop
 endfacet
 facet normal  0.000000e+00  0.000000e+00 -1.000000e+00
   outer loop
     vertex -7.500000e+00 -2.684679e+01  0.000000e+00
     vertex -9.000000e+00 -3.464102e+01  0.000000e+00
     vertex -1.200000e+01 -2.944486e+01  0.000000e+00
   endloop
 endfacet
 facet normal  0.000000e+00 -0.000000e+00 -1.000000e+00
   outer loop
     vertex -7.500000e+00 -2.684679e+01  0.000000e+00
     vertex -4.500000e+00 -3.204294e+01  0.000000e+00
     vertex -9.000000e+00 -3.464102e+01  0.000000e+00
   endloop
 endfacet
 facet normal  0.000000e+00  0.000000e+00 -1.000000e+00
   outer loop
     vertex -2.700000e+01 -6.928203e+00  0.000000e+00
     vertex -3.000000e+01 -1.212436e+01  0.000000e+00
     vertex -3.450000e+01 -9.526279e+00  0.000000e+00
   endloop
 endfacet
 facet normal -0.000000e+00  0.000000e+00 -1.000000e+00
   outer loop
     vertex -2.700000e+01 -6.928203e+00  0.000000e+00
     vertex -3.450000e+01 -9.526279e+00  0.000000e+00
     vertex -3.150000e+01 -4.330127e+00  0.000000e+00
   endloop
 endfacet
 facet normal  0.000000e+00 -0.000000e+00 -1.000000e+00
   outer loop
     vertex -2.700000e+01 -6.928203e+00  0.000000e+00
     vertex -2.500000e+01 -1.039230e+01  0.000000e+00
     vertex -3.000000e+01 -1.212436e+01  0.000000e+00
   endloop
 endfacet
 facet normal  0.000000e+00 -0.000000e+00 -1.000000e+00
   outer loop
     vertex -3.050000e+01 -2.598076e+00  0.000000e+00
     vertex -2.700000e+01 -6.928203e+00  0.000000e+00
     vertex -3.150000e+01 -4.330127e+00  0.000000e+00
   endloop
 endfacet
 facet normal  0.000000e+00 -0.000000e+00 -1.000000e+00
   outer loop
     vertex -1.000000e+01 -2.251666e+01  0.000000e+00
     vertex -7.500000e+00 -2.684679e+01  0.000000e+00
     vertex -1.300000e+01 -2.771281e+01  0.000000e+00
   endloop
 endfacet
 facet normal  0.000000e+00  0.000000e+00 -1.000000e+00
   outer loop
     vertex -1.000000e+01 -2.251666e+01  0.000000e+00
     vertex -1.300000e+01 -2.771281e+01  0.000000e+00
     vertex -1.750000e+01 -2.511474e+01  0.000000e+00
   endloop
 endfacet
 facet normal -0.000000e+00  0.000000e+00 -1.000000e+00
   outer loop
     vertex -1.000000e+01 -2.251666e+01  0.000000e+00
     vertex -1.750000e+01 -2.511474e+01  0.000000e+00
     vertex -1.450000e+01 -1.991858e+01  0.000000e+00
   endloop
 endfacet
 facet normal  0.000000e+00  0.000000e+00 -1.000000e+00
   outer loop
     vertex -2.000000e+00 -2.944486e+01  0.000000e+00
     vertex -3.500000e+00 -3.204294e+01  0.000000e+00
     vertex -4.500000e+00 -3.204294e+01  0.000000e+00
   endloop
 endfacet
 facet normal  0.000000e+00 -0.000000e+00 -1.000000e+00
   outer loop
     vertex -3.500000e+00 -2.684679e+01  0.000000e+00
     vertex -2.000000e+00 -2.944486e+01  0.000000e+00
     vertex -4.500000e+00 -3.204294e+01  0.000000e+00
   endloop
 endfacet
 facet normal -0.000000e+00  0.000000e+00 -1.000000e+00
   outer loop
     vertex -3.500000e+00 -2.684679e+01  0.000000e+00
     vertex -4.500000e+00 -3.204294e+01  0.000000e+00
     vertex -7.500000e+00 -2.684679e+01  0.000000e+00
   endloop
 endfacet
 facet normal  0.000000e+00 -0.000000e+00 -1.000000e+00
   outer loop
     vertex  4.500000e+00 -3.204294e+01  0.000000e+00
     vertex  5.000000e+00 -3.637307e+01  0.000000e+00
     vertex  3.500000e+00 -3.377499e+01  0.000000e+00
   endloop
 endfacet
 facet normal  0.000000e+00  0.000000e+00 -1.000000e+00
   outer loop
     vertex  2.000000e+00 -2.944486e+01  0.000000e+00
     vertex  4.500000e+00 -3.204294e+01  0.000000e+00
     vertex  3.500000e+00 -3.204294e+01  0.000000e+00
   endloop
 endfacet
 facet normal -0.000000e+00  0.000000e+00 -1.000000e+00
   outer loop
     vertex -2.450000e+01 -2.598076e+00  0.000000e+00
     vertex -2.700000e+01 -6.928203e+00  0.000000e+00
     vertex -3.050000e+01 -2.598076e+00  0.000000e+00
   endloop
 endfacet
 facet normal -0.000000e+00  0.000000e+00 -1.000000e+00
   outer loop
     vertex  9.000000e+00 -3.464102e+01  0.000000e+00
     vertex  5.000000e+00 -3.637307e+01  0.000000e+00
     vertex  4.500000e+00 -3.204294e+01  0.000000e+00
   endloop
 endfacet
 facet normal  0.000000e+00  0.000000e+00 -1.000000e+00
   outer loop
     vertex  9.000000e+00 -3.464102e+01  0.000000e+00
     vertex  8.000000e+00 -3.637307e+01  0.000000e+00
     vertex  5.000000e+00 -3.637307e+01  0.000000e+00
   endloop
 endfacet
 facet normal -0.000000e+00  0.000000e+00 -1.000000e+00
   outer loop
     vertex -3.450000e+01  9.526279e+00  0.000000e+00
     vertex -3.700000e+01  6.928203e+00  0.000000e+00
     vertex -3.550000e+01  9.526279e+00  0.000000e+00
   endloop
 endfacet
 facet normal  0.000000e+00  0.000000e+00 -1.000000e+00
   outer loop
     vertex -3.450000e+01  9.526279e+00  0.000000e+00
     vertex -3.550000e+01  4.330127e+00  0.000000e+00
     vertex -3.700000e+01  6.928203e+00  0.000000e+00
   endloop
 endfacet
 facet normal  0.000000e+00 -0.000000e+00 -1.000000e+00
   outer loop
     vertex -3.450000e+01  9.526279e+00  0.000000e+00
     vertex -3.150000e+01  4.330127e+00  0.000000e+00
     vertex -3.550000e+01  4.330127e+00  0.000000e+00
   endloop
 endfacet
 facet normal  0.000000e+00 -0.000000e+00 -1.000000e+00
   outer loop
     vertex  3.500000e+00 -2.684679e+01  0.000000e+00
     vertex  4.500000e+00 -3.204294e+01  0.000000e+00
     vertex  2.000000e+00 -2.944486e+01  0.000000e+00
   endloop
 endfacet
 facet normal  0.000000e+00  0.000000e+00 -1.000000e+00
   outer loop
     vertex  1.250000e+01 -3.550704e+01  0.000000e+00
     vertex  9.500000e+00 -3.550704e+01  0.000000e+00
     vertex  9.000000e+00 -3.464102e+01  0.000000e+00
   endloop
 endfacet
 facet normal  0.000000e+00 -0.000000e+00 -1.000000e+00
   outer loop
     vertex -2.450000e+01  2.598076e+00  0.000000e+00
     vertex -2.450000e+01 -2.598076e+00  0.000000e+00
     vertex -3.050000e+01 -2.598076e+00  0.000000e+00
   endloop
 endfacet
 facet normal -0.000000e+00  0.000000e+00 -1.000000e+00
   outer loop
     vertex -2.450000e+01  2.598076e+00  0.000000e+00
     vertex -3.050000e+01 -2.598076e+00  0.000000e+00
     vertex -3.050000e+01  2.598076e+00  0.000000e+00
   endloop
 endfacet
 facet normal  0.000000e+00  0.000000e+00 -1.000000e+00
   outer loop
     vertex -3.400000e+01  1.385641e+01  0.000000e+00
     vertex -3.450000e+01  9.526279e+00  0.000000e+00
     vertex -3.550000e+01  1.125833e+01  0.000000e+00
   endloop
 endfacet
 facet normal  0.000000e+00 -0.000000e+00 -1.000000e+00
   outer loop
     vertex -2.700000e+01  6.928203e+00  0.000000e+00
     vertex -2.450000e+01  2.598076e+00  0.000000e+00
     vertex -3.050000e+01  2.598076e+00  0.000000e+00
   endloop
 endfacet
 facet normal  0.000000e+00  0.000000e+00 -1.000000e+00
   outer loop
     vertex -2.700000e+01  6.928203e+00  0.000000e+00
     vertex -3.050000e+01  2.598076e+00  0.000000e+00
     vertex -3.150000e+01  4.330127e+00  0.000000e+00
   endloop
 endfacet
 facet normal -0.000000e+00  0.000000e+00 -1.000000e+00
   outer loop
     vertex  7.500000e+00 -2.684679e+01  0.000000e+00
     vertex  4.500000e+00 -3.204294e+01  0.000000e+00
     vertex  3.500000e+00 -2.684679e+01  0.000000e+00
   endloop
 endfacet
 facet normal  0.000000e+00  0.000000e+00 -1.000000e+00
   outer loop
     vertex  1.400000e+01 -3.290897e+01  0.000000e+00
     vertex  1.250000e+01 -3.550704e+01  0.000000e+00
     vertex  9.000000e+00 -3.464102e+01  0.000000e+00
   endloop
 endfacet
 facet normal  0.000000e+00  0.000000e+00 -1.000000e+00
   outer loop
     vertex -3.000000e+01  1.212436e+01  0.000000e+00
     vertex -3.150000e+01  4.330127e+00  0.000000e+00
     vertex -3.450000e+01  9.526279e+00  0.000000e+00
   endloop
 endfacet
 facet normal -0.000000e+00  0.000000e+00 -1.000000e+00
   outer loop
     vertex -3.000000e+01  1.212436e+01  0.000000e+00
     vertex -3.450000e+01  9.526279e+00  0.000000e+00
     vertex -3.400000e+01  1.385641e+01  0.000000e+00
   endloop
 endfacet
 facet normal  0.000000e+00 -0.000000e+00 -1.000000e+00
   outer loop
     vertex -3.000000e+01  1.212436e+01  0.000000e+00
     vertex -2.700000e+01  6.928203e+00  0.000000e+00
     vertex -3.150000e+01  4.330127e+00  0.000000e+00
   endloop
 endfacet
 facet normal  0.000000e+00  0.000000e+00 -1.000000e+00
   outer loop
     vertex  1.200000e+01 -2.944486e+01  0.000000e+00
     vertex  9.000000e+00 -3.464102e+01  0.000000e+00
     vertex  4.500000e+00 -3.204294e+01  0.000000e+00
   endloop
 endfacet
 facet normal -0.000000e+00  0.000000e+00 -1.000000e+00
   outer loop
     vertex  1.200000e+01 -2.944486e+01  0.000000e+00
     vertex  4.500000e+00 -3.204294e+01  0.000000e+00
     vertex  7.500000e+00 -2.684679e+01  0.000000e+00
   endloop
 endfacet
 facet normal  0.000000e+00 -0.000000e+00 -1.000000e+00
   outer loop
     vertex  1.200000e+01 -2.944486e+01  0.000000e+00
     vertex  1.400000e+01 -3.290897e+01  0.000000e+00
     vertex  9.000000e+00 -3.464102e+01  0.000000e+00
   endloop
 endfacet
 facet normal -0.000000e+00 -0.000000e+00 -1.000000e+00
   outer loop
     vertex -3.100000e+01  1.385641e+01  0.000000e+00
     vertex -3.000000e+01  1.212436e+01  0.000000e+00
     vertex -3.400000e+01  1.385641e+01  0.000000e+00
   endloop
 endfacet
 facet normal -0.000000e+00  0.000000e+00 -1.000000e+00
   outer loop
     vertex  1.300000e+01 -2.771281e+01  0.000000e+00
     vertex  1.200000e+01 -2.944486e+01  0.000000e+00
     vertex  7.500000e+00 -2.684679e+01  0.000000e+00
   endloop
 endfacet
 facet normal -0.000000e+00  0.000000e+00 -1.000000e+00
   outer loop
     vertex -2.500000e+01  1.039230e+01  0.000000e+00
     vertex -2.700000e+01  6.928203e+00  0.000000e+00
     vertex -3.000000e+01  1.212436e+01  0.000000e+00
   endloop
 endfacet
 facet normal  0.000000e+00 -0.000000e+00 -1.000000e+00
   outer loop
     vertex -2.650000e+01  1.299038e+01  0.000000e+00
     vertex -2.500000e+01  1.039230e+01  0.000000e+00
     vertex -3.000000e+01  1.212436e+01  0.000000e+00
   endloop
 endfacet
 facet normal -0.000000e+00  0.000000e+00 -1.000000e+00
   outer loop
     vertex -2.650000e+01  1.299038e+01  0.000000e+00
     vertex -3.000000e+01  1.212436e+01  0.000000e+00
     vertex -2.950000e+01  1.299038e+01  0.000000e+00
   endloop
 endfacet
 facet normal  0.000000e+00 -0.000000e+00 -1.000000e+00
   outer loop
     vertex  1.000000e+01 -2.251666e+01  0.000000e+00
     vertex  1.300000e+01 -2.771281e+01  0.000000e+00
     vertex  7.500000e+00 -2.684679e+01  0.000000e+00
   endloop
 endfacet
 facet normal  0.000000e+00  0.000000e+00 -1.000000e+00
   outer loop
     vertex  2.250000e+01 -3.377499e+01  0.000000e+00
     vertex  2.100000e+01 -3.637307e+01  0.000000e+00
     vertex  1.800000e+01 -3.637307e+01  0.000000e+00
   endloop
 endfacet
 facet normal -0.000000e+00  0.000000e+00 -1.000000e+00
   outer loop
     vertex  1.750000e+01 -2.511474e+01  0.000000e+00
     vertex  1.300000e+01 -2.771281e+01  0.000000e+00
     vertex  1.000000e+01 -2.251666e+01  0.000000e+00
   endloop
 endfacet
 facet normal  0.000000e+00  0.000000e+00 -1.000000e+00
   outer loop
     vertex -2.550000e+01  1.991858e+01  0.000000e+00
     vertex -2.750000e+01  1.991858e+01  0.000000e+00
     vertex -2.900000e+01  2.251666e+01  0.000000e+00
   endloop
 endfacet
 facet normal  0.000000e+00 -0.000000e+00 -1.000000e+00
   outer loop
     vertex -2.550000e+01  1.991858e+01  0.000000e+00
     vertex -2.450000e+01  1.645448e+01  0.000000e+00
     vertex -2.600000e+01  1.905256e+01  0.000000e+00
   endloop
 endfacet
 facet normal  0.000000e+00 -0.000000e+00 -1.000000e+00
   outer loop
     vertex  1.450000e+01 -1.991858e+01  0.000000e+00
     vertex  1.750000e+01 -2.511474e+01  0.000000e+00
     vertex  1.000000e+01 -2.251666e+01  0.000000e+00
   endloop
 endfacet
 facet normal  0.000000e+00  0.000000e+00 -1.000000e+00
   outer loop
     vertex  2.220446e-16 -5.196152e+00  0.000000e+00
     vertex -1.000000e+01 -2.251666e+01  0.000000e+00
     vertex -1.450000e+01 -1.991858e+01  0.000000e+00
   endloop
 endfacet
 facet normal -0.000000e+00  0.000000e+00 -1.000000e+00
   outer loop
     vertex  2.220446e-16 -5.196152e+00  0.000000e+00
     vertex -1.450000e+01 -1.991858e+01  0.000000e+00
     vertex -4.500000e+00 -2.598076e+00  0.000000e+00
   endloop
 endfacet
 facet normal  0.000000e+00  0.000000e+00 -1.000000e+00
   outer loop
     vertex -2.150000e+01  1.645448e+01  0.000000e+00
     vertex -2.450000e+01  1.645448e+01  0.000000e+00
     vertex -2.550000e+01  1.991858e+01  0.000000e+00
   endloop
 endfacet
 facet normal  0.000000e+00  0.000000e+00 -1.000000e+00
   outer loop
     vertex -4.500000e+00  2.598076e+00  0.000000e+00
     vertex -4.500000e+00 -2.598076e+00  0.000000e+00
     vertex -2.450000e+01 -2.598076e+00  0.000000e+00
   endloop
 endfacet
 facet normal -0.000000e+00  0.000000e+00 -1.000000e+00
   outer loop
     vertex -4.500000e+00  2.598076e+00  0.000000e+00
     vertex -2.450000e+01 -2.598076e+00  0.000000e+00
     vertex -2.450000e+01  2.598076e+00  0.000000e+00
   endloop
 endfacet
 facet normal  0.000000e+00 -0.000000e+00 -1.000000e+00
   outer loop
     vertex -4.500000e+00  2.598076e+00  0.000000e+00
     vertex  2.220446e-16 -5.196152e+00  0.000000e+00
     vertex -4.500000e+00 -2.598076e+00  0.000000e+00
   endloop
 endfacet
 facet normal  0.000000e+00  0.000000e+00 -1.000000e+00
   outer loop
     vertex  1.950000e+01 -1.991858e+01  0.000000e+00
     vertex  1.750000e+01 -2.511474e+01  0.000000e+00
     vertex  1.450000e+01 -1.991858e+01  0.000000e+00
   endloop
 endfacet
 facet normal  0.000000e+00 -0.000000e+00 -1.000000e+00
   outer loop
     vertex  1.950000e+01 -1.991858e+01  0.000000e+00
     vertex  1.950000e+01 -2.511474e+01  0.000000e+00
     vertex  1.750000e+01 -2.511474e+01  0.000000e+00
   endloop
 endfacet
 facet normal -0.000000e+00  0.000000e+00 -1.000000e+00
   outer loop
     vertex -2.550000e+01  2.511474e+01  0.000000e+00
     vertex -2.900000e+01  2.251666e+01  0.000000e+00
     vertex -2.750000e+01  2.511474e+01  0.000000e+00
   endloop
 endfacet
 facet normal  0.000000e+00 -0.000000e+00 -1.000000e+00
   outer loop
     vertex -2.550000e+01  2.511474e+01  0.000000e+00
     vertex -2.550000e+01  1.991858e+01  0.000000e+00
     vertex -2.900000e+01  2.251666e+01  0.000000e+00
   endloop
 endfacet
 facet normal  0.000000e+00  0.000000e+00 -1.000000e+00
   outer loop
     vertex  2.550000e+01 -2.511474e+01  0.000000e+00
     vertex  2.150000e+01 -2.857884e+01  0.000000e+00
     vertex  1.950000e+01 -2.511474e+01  0.000000e+00
   endloop
 endfacet
 facet normal  0.000000e+00  0.000000e+00 -1.000000e+00
   outer loop
     vertex  2.550000e+01 -2.511474e+01  0.000000e+00
     vertex  2.450000e+01 -2.857884e+01  0.000000e+00
     vertex  2.150000e+01 -2.857884e+01  0.000000e+00
   endloop
 endfacet
 facet normal  0.000000e+00 -0.000000e+00 -1.000000e+00
   outer loop
     vertex  2.550000e+01 -2.511474e+01  0.000000e+00
     vertex  2.600000e+01 -2.598076e+01  0.000000e+00
     vertex  2.450000e+01 -2.857884e+01  0.000000e+00
   endloop
 endfacet
 facet normal -0.000000e+00  0.000000e+00 -1.000000e+00
   outer loop
     vertex -1.950000e+01  1.991858e+01  0.000000e+00
     vertex -2.150000e+01  1.645448e+01  0.000000e+00
     vertex -2.550000e+01  1.991858e+01  0.000000e+00
   endloop
 endfacet
 facet normal  0.000000e+00  0.000000e+00 -1.000000e+00
   outer loop
     vertex  4.500000e+00 -2.598076e+00  0.000000e+00
     vertex  1.450000e+01 -1.991858e+01  0.000000e+00
     vertex  1.000000e+01 -2.251666e+01  0.000000e+00
   endloop
 endfacet
 facet normal  0.000000e+00 -0.000000e+00 -1.000000e+00
   outer loop
     vertex  4.500000e+00 -2.598076e+00  0.000000e+00
     vertex  1.000000e+01 -2.251666e+01  0.000000e+00
     vertex  2.220446e-16 -5.196152e+00  0.000000e+00
   endloop
 endfacet
 facet normal  0.000000e+00  0.000000e+00 -1.000000e+00
   outer loop
     vertex -2.450000e+01  2.857884e+01  0.000000e+00
     vertex -2.550000e+01  2.511474e+01  0.000000e+00
     vertex -2.600000e+01  2.598076e+01  0.000000e+00
   endloop
 endfacet
 facet normal  0.000000e+00 -0.000000e+00 -1.000000e+00
   outer loop
     vertex  2.550000e+01 -1.991858e+01  0.000000e+00
     vertex  2.550000e+01 -2.511474e+01  0.000000e+00
     vertex  1.950000e+01 -2.511474e+01  0.000000e+00
   endloop
 endfacet
 facet normal -0.000000e+00  0.000000e+00 -1.000000e+00
   outer loop
     vertex  2.550000e+01 -1.991858e+01  0.000000e+00
     vertex  1.950000e+01 -2.511474e+01  0.000000e+00
     vertex  1.950000e+01 -1.991858e+01  0.000000e+00
   endloop
 endfacet
 facet normal  0.000000e+00  0.000000e+00 -1.000000e+00
   outer loop
     vertex  2.550000e+01 -1.991858e+01  0.000000e+00
     vertex  1.950000e+01 -1.991858e+01  0.000000e+00
     vertex  2.150000e+01 -1.645448e+01  0.000000e+00
   endloop
 endfacet
 facet normal -0.000000e+00  0.000000e+00 -1.000000e+00
   outer loop
     vertex -1.950000e+01  2.511474e+01  0.000000e+00
     vertex -2.550000e+01  1.991858e+01  0.000000e+00
     vertex -2.550000e+01  2.511474e+01  0.000000e+00
   endloop
 endfacet
 facet normal  0.000000e+00  0.000000e+00 -1.000000e+00
   outer loop
     vertex -1.950000e+01  2.511474e+01  0.000000e+00
     vertex -1.950000e+01  1.991858e+01  0.000000e+00
     vertex -2.550000e+01  1.991858e+01  0.000000e+00
   endloop
 endfacet
 facet normal -0.000000e+00  0.000000e+00 -1.000000e+00
   outer loop
     vertex  2.900000e+01 -2.251666e+01  0.000000e+00
     vertex  2.550000e+01 -2.511474e+01  0.000000e+00
     vertex  2.550000e+01 -1.991858e+01  0.000000e+00
   endloop
 endfacet
 facet normal  0.000000e+00  0.000000e+00 -1.000000e+00
   outer loop
     vertex  2.900000e+01 -2.251666e+01  0.000000e+00
     vertex  2.750000e+01 -2.511474e+01  0.000000e+00
     vertex  2.550000e+01 -2.511474e+01  0.000000e+00
   endloop
 endfacet
 facet normal -0.000000e+00  0.000000e+00 -1.000000e+00
   outer loop
     vertex -2.150000e+01  2.857884e+01  0.000000e+00
     vertex -2.550000e+01  2.511474e+01  0.000000e+00
     vertex -2.450000e+01  2.857884e+01  0.000000e+00
   endloop
 endfacet
 facet normal  0.000000e+00 -0.000000e+00 -1.000000e+00
   outer loop
     vertex -2.150000e+01  2.857884e+01  0.000000e+00
     vertex -1.950000e+01  2.511474e+01  0.000000e+00
     vertex -2.550000e+01  2.511474e+01  0.000000e+00
   endloop
 endfacet
 facet normal  0.000000e+00  0.000000e+00 -1.000000e+00
   outer loop
     vertex  4.500000e+00  2.598076e+00  0.000000e+00
     vertex  2.220446e-16 -5.196152e+00  0.000000e+00
     vertex -4.500000e+00  2.598076e+00  0.000000e+00
   endloop
 endfacet
 facet normal  0.000000e+00 -0.000000e+00 -1.000000e+00
   outer loop
     vertex  4.500000e+00  2.598076e+00  0.000000e+00
     vertex  4.500000e+00 -2.598076e+00  0.000000e+00
     vertex  2.220446e-16 -5.196152e+00  0.000000e+00
   endloop
 endfacet
 facet normal -0.000000e+00  0.000000e+00 -1.000000e+00
   outer loop
     vertex  4.500000e+00  2.598076e+00  0.000000e+00
     vertex -4.500000e+00  2.598076e+00  0.000000e+00
     vertex  4.440892e-16  5.196152e+00  0.000000e+00
   endloop
 endfacet
 facet normal -0.000000e+00 -0.000000e+00 -1.000000e+00
   outer loop
     vertex  2.750000e+01 -1.991858e+01  0.000000e+00
     vertex  2.900000e+01 -2.251666e+01  0.000000e+00
     vertex  2.550000e+01 -1.991858e+01  0.000000e+00
   endloop
 endfacet
 facet normal -0.000000e+00  0.000000e+00 -1.000000e+00
   outer loop
     vertex -1.750000e+01  2.511474e+01  0.000000e+00
     vertex -1.950000e+01  1.991858e+01  0.000000e+00
     vertex -1.950000e+01  2.511474e+01  0.000000e+00
   endloop
 endfacet
 facet normal  0.000000e+00 -0.000000e+00 -1.000000e+00
   outer loop
     vertex -1.750000e+01  2.511474e+01  0.000000e+00
     vertex -1.450000e+01  1.991858e+01  0.000000e+00
     vertex -1.950000e+01  1.991858e+01  0.000000e+00
   endloop
 endfacet
 facet normal  0.000000e+00 -0.000000e+00 -1.000000e+00
   outer loop
     vertex  2.450000e+01 -1.645448e+01  0.000000e+00
     vertex  2.550000e+01 -1.991858e+01  0.000000e+00
     vertex  2.150000e+01 -1.645448e+01  0.000000e+00
   endloop
 endfacet
 facet normal  0.000000e+00  0.000000e+00 -1.000000e+00
   outer loop
     vertex  2.450000e+01 -1.645448e+01  0.000000e+00
     vertex  2.600000e+01 -1.905256e+01  0.000000e+00
     vertex  2.550000e+01 -1.991858e+01  0.000000e+00
   endloop
 endfacet
 facet normal  0.000000e+00  0.000000e+00 -1.000000e+00
   outer loop
     vertex -1.000000e+01  2.251666e+01  0.000000e+00
     vertex  4.440892e-16  5.196152e+00  0.000000e+00
     vertex -4.500000e+00  2.598076e+00  0.000000e+00
   endloop
 endfacet
 facet normal  0.000000e+00 -0.000000e+00 -1.000000e+00
   outer loop
     vertex -1.000000e+01  2.251666e+01  0.000000e+00
     vertex -4.500000e+00  2.598076e+00  0.000000e+00
     vertex -1.450000e+01  1.991858e+01  0.000000e+00
   endloop
 endfacet
 facet normal  0.000000e+00  0.000000e+00 -1.000000e+00
   outer loop
     vertex -1.300000e+01  2.771281e+01  0.000000e+00
     vertex -1.450000e+01  1.991858e+01  0.000000e+00
     vertex -1.750000e+01  2.511474e+01  0.000000e+00
   endloop
 endfacet
 facet normal  0.000000e+00 -0.000000e+00 -1.000000e+00
   outer loop
     vertex -1.300000e+01  2.771281e+01  0.000000e+00
     vertex -1.000000e+01  2.251666e+01  0.000000e+00
     vertex -1.450000e+01  1.991858e+01  0.000000e+00
   endloop
 endfacet
 facet normal -0.000000e+00  0.000000e+00 -1.000000e+00
   outer loop
     vertex  3.000000e+01 -1.212436e+01  0.000000e+00
     vertex  2.650000e+01 -1.299038e+01  0.000000e+00
     vertex  2.500000e+01 -1.039230e+01  0.000000e+00
   endloop
 endfacet
 facet normal  0.000000e+00  0.000000e+00 -1.000000e+00
   outer loop
     vertex  3.000000e+01 -1.212436e+01  0.000000e+00
     vertex  2.950000e+01 -1.299038e+01  0.000000e+00
     vertex  2.650000e+01 -1.299038e+01  0.000000e+00
   endloop
 endfacet
 facet normal -0.000000e+00  0.000000e+00 -1.000000e+00
   outer loop
     vertex -1.800000e+01  3.637307e+01  0.000000e+00
     vertex -2.250000e+01  3.377499e+01  0.000000e+00
     vertex -2.100000e+01  3.637307e+01  0.000000e+00
   endloop
 endfacet
 facet normal -0.000000e+00  0.000000e+00 -1.000000e+00
   outer loop
     vertex -7.500000e+00  2.684679e+01  0.000000e+00
     vertex -1.000000e+01  2.251666e+01  0.000000e+00
     vertex -1.300000e+01  2.771281e+01  0.000000e+00
   endloop
 endfacet
 facet normal  0.000000e+00  0.000000e+00 -1.000000e+00
   outer loop
     vertex -7.500000e+00  2.684679e+01  0.000000e+00
     vertex -1.300000e+01  2.771281e+01  0.000000e+00
     vertex -1.200000e+01  2.944486e+01  0.000000e+00
   endloop
 endfacet
 facet normal  0.000000e+00 -0.000000e+00 -1.000000e+00
   outer loop
     vertex  2.700000e+01 -6.928203e+00  0.000000e+00
     vertex  3.000000e+01 -1.212436e+01  0.000000e+00
     vertex  2.500000e+01 -1.039230e+01  0.000000e+00
   endloop
 endfacet
 facet normal  0.000000e+00  0.000000e+00 -1.000000e+00
   outer loop
     vertex  3.400000e+01 -1.385641e+01  0.000000e+00
     vertex  3.100000e+01 -1.385641e+01  0.000000e+00
     vertex  3.000000e+01 -1.212436e+01  0.000000e+00
   endloop
 endfacet
 facet normal  0.000000e+00  0.000000e+00 -1.000000e+00
   outer loop
     vertex  2.450000e+01 -2.598076e+00  0.000000e+00
     vertex  4.500000e+00 -2.598076e+00  0.000000e+00
     vertex  4.500000e+00  2.598076e+00  0.000000e+00
   endloop
 endfacet
 facet normal  0.000000e+00  0.000000e+00 -1.000000e+00
   outer loop
     vertex  3.450000e+01 -9.526279e+00  0.000000e+00
     vertex  3.400000e+01 -1.385641e+01  0.000000e+00
     vertex  3.000000e+01 -1.212436e+01  0.000000e+00
   endloop
 endfacet
 facet normal  0.000000e+00 -0.000000e+00 -1.000000e+00
   outer loop
     vertex  3.450000e+01 -9.526279e+00  0.000000e+00
     vertex  3.550000e+01 -1.125833e+01  0.000000e+00
     vertex  3.400000e+01 -1.385641e+01  0.000000e+00
   endloop
 endfacet
 facet normal -0.000000e+00  0.000000e+00 -1.000000e+00
   outer loop
     vertex -9.000000e+00  3.464102e+01  0.000000e+00
     vertex -1.400000e+01  3.290897e+01  0.000000e+00
     vertex -1.250000e+01  3.550704e+01  0.000000e+00
   endloop
 endfacet
 facet normal  0.000000e+00  0.000000e+00 -1.000000e+00
   outer loop
     vertex -9.000000e+00  3.464102e+01  0.000000e+00
     vertex -1.200000e+01  2.944486e+01  0.000000e+00
     vertex -1.400000e+01  3.290897e+01  0.000000e+00
   endloop
 endfacet
 facet normal -0.000000e+00 -0.000000e+00 -1.000000e+00
   outer loop
     vertex -9.500000e+00  3.550704e+01  0.000000e+00
     vertex -9.000000e+00  3.464102e+01  0.000000e+00
     vertex -1.250000e+01  3.550704e+01  0.000000e+00
   endloop
 endfacet
 facet normal  0.000000e+00 -0.000000e+00 -1.000000e+00
   outer loop
     vertex  2.450000e+01  2.598076e+00  0.000000e+00
     vertex  2.450000e+01 -2.598076e+00  0.000000e+00
     vertex  4.500000e+00  2.598076e+00  0.000000e+00
   endloop
 endfacet
 facet normal  0.000000e+00  0.000000e+00 -1.000000e+00
   outer loop
     vertex  3.150000e+01 -4.330127e+00  0.000000e+00
     vertex  3.000000e+01 -1.212436e+01  0.000000e+00
     vertex  2.700000e+01 -6.928203e+00  0.000000e+00
   endloop
 endfacet
 facet normal  0.000000e+00 -0.000000e+00 -1.000000e+00
   outer loop
     vertex  3.150000e+01 -4.330127e+00  0.000000e+00
     vertex  3.450000e+01 -9.526279e+00  0.000000e+00
     vertex  3.000000e+01 -1.212436e+01  0.000000e+00
   endloop
 endfacet
 facet normal  0.000000e+00 -0.000000e+00 -1.000000e+00
   outer loop
     vertex -4.500000e+00  3.204294e+01  0.000000e+00
     vertex -3.500000e+00  2.684679e+01  0.000000e+00
     vertex -7.500000e+00  2.684679e+01  0.000000e+00
   endloop
 endfacet
 facet normal  0.000000e+00  0.000000e+00 -1.000000e+00
   outer loop
     vertex -4.500000e+00  3.204294e+01  0.000000e+00
     vertex -2.000000e+00  2.944486e+01  0.000000e+00
     vertex -3.500000e+00  2.684679e+01  0.000000e+00
   endloop
 endfacet
 facet normal  0.000000e+00  0.000000e+00 -1.000000e+00
   outer loop
     vertex -4.500000e+00  3.204294e+01  0.000000e+00
     vertex -7.500000e+00  2.684679e+01  0.000000e+00
     vertex -1.200000e+01  2.944486e+01  0.000000e+00
   endloop
 endfacet
 facet normal -0.000000e+00  0.000000e+00 -1.000000e+00
   outer loop
     vertex -4.500000e+00  3.204294e+01  0.000000e+00
     vertex -1.200000e+01  2.944486e+01  0.000000e+00
     vertex -9.000000e+00  3.464102e+01  0.000000e+00
   endloop
 endfacet
 facet normal -0.000000e+00  0.000000e+00 -1.000000e+00
   outer loop
     vertex  3.050000e+01 -2.598076e+00  0.000000e+00
     vertex  2.700000e+01 -6.928203e+00  0.000000e+00
     vertex  2.450000e+01 -2.598076e+00  0.000000e+00
   endloop
 endfacet
 facet normal  0.000000e+00 -0.000000e+00 -1.000000e+00
   outer loop
     vertex  3.050000e+01 -2.598076e+00  0.000000e+00
     vertex  3.150000e+01 -4.330127e+00  0.000000e+00
     vertex  2.700000e+01 -6.928203e+00  0.000000e+00
   endloop
 endfacet
 facet normal  0.000000e+00 -0.000000e+00 -1.000000e+00
   outer loop
     vertex -3.500000e+00  3.204294e+01  0.000000e+00
     vertex -2.000000e+00  2.944486e+01  0.000000e+00
     vertex -4.500000e+00  3.204294e+01  0.000000e+00
   endloop
 endfacet
 facet normal  0.000000e+00  0.000000e+00 -1.000000e+00
   outer loop
     vertex  3.700000e+01 -6.928203e+00  0.000000e+00
     vertex  3.550000e+01 -9.526279e+00  0.000000e+00
     vertex  3.450000e+01 -9.526279e+00  0.000000e+00
   endloop
 endfacet
 facet normal  0.000000e+00 -0.000000e+00 -1.000000e+00
   outer loop
     vertex  3.550000e+01 -4.330127e+00  0.000000e+00
     vertex  3.700000e+01 -6.928203e+00  0.000000e+00
     vertex  3.450000e+01 -9.526279e+00  0.000000e+00
   endloop
 endfacet
 facet normal -0.000000e+00  0.000000e+00 -1.000000e+00
   outer loop
     vertex  3.550000e+01 -4.330127e+00  0.000000e+00
     vertex  3.450000e+01 -9.526279e+00  0.000000e+00
     vertex  3.150000e+01 -4.330127e+00  0.000000e+00
   endloop
 endfacet
 facet normal  0.000000e+00 -0.000000e+00 -1.000000e+00
   outer loop
     vertex -5.000000e+00  3.637307e+01  0.000000e+00
     vertex -4.500000e+00  3.204294e+01  0.000000e+00
     vertex -9.000000e+00  3.464102e+01  0.000000e+00
   endloop
 endfacet
 facet normal  0.000000e+00  0.000000e+00 -1.000000e+00
   outer loop
     vertex -5.000000e+00  3.637307e+01  0.000000e+00
     vertex -3.500000e+00  3.377499e+01  0.000000e+00
     vertex -4.500000e+00  3.204294e+01  0.000000e+00
   endloop
 endfacet
 facet normal -0.000000e+00  0.000000e+00 -1.000000e+00
   outer loop
     vertex -5.000000e+00  3.637307e+01  0.000000e+00
     vertex -9.000000e+00  3.464102e+01  0.000000e+00
     vertex -8.000000e+00  3.637307e+01  0.000000e+00
   endloop
 endfacet
 facet normal  0.000000e+00 -0.000000e+00 -1.000000e+00
   outer loop
     vertex  3.050000e+01  2.598076e+00  0.000000e+00
     vertex  3.050000e+01 -2.598076e+00  0.000000e+00
     vertex  2.450000e+01 -2.598076e+00  0.000000e+00
   endloop
 endfacet
 facet normal -0.000000e+00  0.000000e+00 -1.000000e+00
   outer loop
     vertex  3.050000e+01  2.598076e+00  0.000000e+00
     vertex  2.450000e+01 -2.598076e+00  0.000000e+00
     vertex  2.450000e+01  2.598076e+00  0.000000e+00
   endloop
 endfacet
 facet normal  0.000000e+00 -0.000000e+00 -1.000000e+00
   outer loop
     vertex  2.700000e+01  6.928203e+00  0.000000e+00
     vertex  3.050000e+01  2.598076e+00  0.000000e+00
     vertex  2.450000e+01  2.598076e+00  0.000000e+00
   endloop
 endfacet
 facet normal  0.000000e+00  0.000000e+00 -1.000000e+00
   outer loop
     vertex  1.450000e+01  1.991858e+01  0.000000e+00
     vertex  4.500000e+00  2.598076e+00  0.000000e+00
     vertex  4.440892e-16  5.196152e+00  0.000000e+00
   endloop
 endfacet
 facet normal -0.000000e+00  0.000000e+00 -1.000000e+00
   outer loop
     vertex  1.450000e+01  1.991858e+01  0.000000e+00
     vertex  4.440892e-16  5.196152e+00  0.000000e+00
     vertex  1.000000e+01  2.251666e+01  0.000000e+00
   endloop
 endfacet
 facet normal -0.000000e+00  0.000000e+00 -1.000000e+00
   outer loop
     vertex  3.150000e+01  4.330127e+00  0.000000e+00
     vertex  3.050000e+01  2.598076e+00  0.000000e+00
     vertex  2.700000e+01  6.928203e+00  0.000000e+00
   endloop
 endfacet
 facet normal -0.000000e+00  0.000000e+00 -1.000000e+00
   outer loop
     vertex  4.500000e+00  3.204294e+01  0.000000e+00
     vertex  2.000000e+00  2.944486e+01  0.000000e+00
     vertex  3.500000e+00  3.204294e+01  0.000000e+00
   endloop
 endfacet
 facet normal  0.000000e+00  0.000000e+00 -1.000000e+00
   outer loop
     vertex  4.500000e+00  3.204294e+01  0.000000e+00
     vertex  3.500000e+00  2.684679e+01  0.000000e+00
     vertex  2.000000e+00  2.944486e+01  0.000000e+00
   endloop
 endfacet
 facet normal  0.000000e+00 -0.000000e+00 -1.000000e+00
   outer loop
     vertex  4.500000e+00  3.204294e+01  0.000000e+00
     vertex  7.500000e+00  2.684679e+01  0.000000e+00
     vertex  3.500000e+00  2.684679e+01  0.000000e+00
   endloop
 endfacet
 facet normal  0.000000e+00  0.000000e+00 -1.000000e+00
   outer loop
     vertex  1.300000e+01  2.771281e+01  0.000000e+00
     vertex  1.000000e+01  2.251666e+01  0.000000e+00
     vertex  7.500000e+00  2.684679e+01  0.000000e+00
   endloop
 endfacet
 facet normal  0.000000e+00  0.000000e+00 -1.000000e+00
   outer loop
     vertex  5.000000e+00  3.637307e+01  0.000000e+00
     vertex  4.500000e+00  3.204294e+01  0.000000e+00
     vertex  3.500000e+00  3.377499e+01  0.000000e+00
   endloop
 endfacet
 facet normal  0.000000e+00 -0.000000e+00 -1.000000e+00
   outer loop
     vertex  1.200000e+01  2.944486e+01  0.000000e+00
     vertex  1.300000e+01  2.771281e+01  0.000000e+00
     vertex  7.500000e+00  2.684679e+01  0.000000e+00
   endloop
 endfacet
 facet normal -0.000000e+00  0.000000e+00 -1.000000e+00
   outer loop
     vertex  3.000000e+01  1.212436e+01  0.000000e+00
     vertex  2.500000e+01  1.039230e+01  0.000000e+00
     vertex  2.650000e+01  1.299038e+01  0.000000e+00
   endloop
 endfacet
 facet normal  0.000000e+00  0.000000e+00 -1.000000e+00
   outer loop
     vertex  3.000000e+01  1.212436e+01  0.000000e+00
     vertex  2.700000e+01  6.928203e+00  0.000000e+00
     vertex  2.500000e+01  1.039230e+01  0.000000e+00
   endloop
 endfacet
 facet normal  0.000000e+00 -0.000000e+00 -1.000000e+00
   outer loop
     vertex  3.000000e+01  1.212436e+01  0.000000e+00
     vertex  3.150000e+01  4.330127e+00  0.000000e+00
     vertex  2.700000e+01  6.928203e+00  0.000000e+00
   endloop
 endfacet
 facet normal -0.000000e+00 -0.000000e+00 -1.000000e+00
   outer loop
     vertex  2.950000e+01  1.299038e+01  0.000000e+00
     vertex  3.000000e+01  1.212436e+01  0.000000e+00
     vertex  2.650000e+01  1.299038e+01  0.000000e+00
   endloop
 endfacet
 facet normal  0.000000e+00 -0.000000e+00 -1.000000e+00
   outer loop
     vertex  1.750000e+01  2.511474e+01  0.000000e+00
     vertex  1.950000e+01  1.991858e+01  0.000000e+00
     vertex  1.450000e+01  1.991858e+01  0.000000e+00
   endloop
 endfacet
 facet normal  0.000000e+00  0.000000e+00 -1.000000e+00
   outer loop
     vertex  1.750000e+01  2.511474e+01  0.000000e+00
     vertex  1.450000e+01  1.991858e+01  0.000000e+00
     vertex  1.000000e+01  2.251666e+01  0.000000e+00
   endloop
 endfacet
 facet normal -0.000000e+00  0.000000e+00 -1.000000e+00
   outer loop
     vertex  1.750000e+01  2.511474e+01  0.000000e+00
     vertex  1.000000e+01  2.251666e+01  0.000000e+00
     vertex  1.300000e+01  2.771281e+01  0.000000e+00
   endloop
 endfacet
 facet normal  0.000000e+00  0.000000e+00 -1.000000e+00
   outer loop
     vertex  4.050000e+01  2.598076e+00  0.000000e+00
     vertex  4.200000e+01  0.000000e+00  0.000000e+00
     vertex  4.050000e+01 -2.598076e+00  0.000000e+00
   endloop
 endfacet
 facet normal  0.000000e+00  0.000000e+00 -1.000000e+00
   outer loop
     vertex  9.000000e+00  3.464102e+01  0.000000e+00
     vertex  7.500000e+00  2.684679e+01  0.000000e+00
     vertex  4.500000e+00  3.204294e+01  0.000000e+00
   endloop
 endfacet
 facet normal  0.000000e+00 -0.000000e+00 -1.000000e+00
   outer loop
     vertex  9.000000e+00  3.464102e+01  0.000000e+00
     vertex  1.200000e+01  2.944486e+01  0.000000e+00
     vertex  7.500000e+00  2.684679e+01  0.000000e+00
   endloop
 endfacet
 facet normal -0.000000e+00  0.000000e+00 -1.000000e+00
   outer loop
     vertex  9.000000e+00  3.464102e+01  0.000000e+00
     vertex  4.500000e+00  3.204294e+01  0.000000e+00
     vertex  5.000000e+00  3.637307e+01  0.000000e+00
   endloop
 endfacet
 facet normal  0.000000e+00 -0.000000e+00 -1.000000e+00
   outer loop
     vertex  3.450000e+01  9.526279e+00  0.000000e+00
     vertex  3.550000e+01  4.330127e+00  0.000000e+00
     vertex  3.150000e+01  4.330127e+00  0.000000e+00
   endloop
 endfacet
 facet normal  0.000000e+00  0.000000e+00 -1.000000e+00
   outer loop
     vertex  3.450000e+01  9.526279e+00  0.000000e+00
     vertex  3.700000e+01  6.928203e+00  0.000000e+00
     vertex  3.550000e+01  4.330127e+00  0.000000e+00
   endloop
 endfacet
 facet normal -0.000000e+00  0.000000e+00 -1.000000e+00
   outer loop
     vertex  3.450000e+01  9.526279e+00  0.000000e+00
     vertex  3.150000e+01  4.330127e+00  0.000000e+00
     vertex  3.000000e+01  1.212436e+01  0.000000e+00
   endloop
 endfacet
 facet normal -0.000000e+00 -0.000000e+00 -1.000000e+00
   outer loop
     vertex  8.000000e+00  3.637307e+01  0.000000e+00
     vertex  9.000000e+00  3.464102e+01  0.000000e+00
     vertex  5.000000e+00  3.637307e+01  0.000000e+00
   endloop
 endfacet
 facet normal -0.000000e+00 -0.000000e+00 -1.000000e+00
   outer loop
     vertex  1.950000e+01  2.511474e+01  0.000000e+00
     vertex  1.950000e+01  1.991858e+01  0.000000e+00
     vertex  1.750000e+01  2.511474e+01  0.000000e+00
   endloop
 endfacet
 facet normal -0.000000e+00 -0.000000e+00 -1.000000e+00
   outer loop
     vertex  3.550000e+01  9.526279e+00  0.000000e+00
     vertex  3.700000e+01  6.928203e+00  0.000000e+00
     vertex  3.450000e+01  9.526279e+00  0.000000e+00
   endloop
 endfacet
 facet normal -0.000000e+00  0.000000e+00 -1.000000e+00
   outer loop
     vertex  2.550000e+01  1.991858e+01  0.000000e+00
     vertex  2.150000e+01  1.645448e+01  0.000000e+00
     vertex  1.950000e+01  1.991858e+01  0.000000e+00
   endloop
 endfacet
 facet normal  0.000000e+00  0.000000e+00 -1.000000e+00
   outer loop
     vertex  2.550000e+01  1.991858e+01  0.000000e+00
     vertex  2.450000e+01  1.645448e+01  0.000000e+00
     vertex  2.150000e+01  1.645448e+01  0.000000e+00
   endloop
 endfacet
 facet normal  0.000000e+00 -0.000000e+00 -1.000000e+00
   outer loop
     vertex  2.550000e+01  1.991858e+01  0.000000e+00
     vertex  2.600000e+01  1.905256e+01  0.000000e+00
     vertex  2.450000e+01  1.645448e+01  0.000000e+00
   endloop
 endfacet
 facet normal -0.000000e+00  0.000000e+00 -1.000000e+00
   outer loop
     vertex  1.400000e+01  3.290897e+01  0.000000e+00
     vertex  1.200000e+01  2.944486e+01  0.000000e+00
     vertex  9.000000e+00  3.464102e+01  0.000000e+00
   endloop
 endfacet
 facet normal  0.000000e+00  0.000000e+00 -1.000000e+00
   outer loop
     vertex  3.400000e+01  1.385641e+01  0.000000e+00
     vertex  3.550000e+01  1.125833e+01  0.000000e+00
     vertex  3.450000e+01  9.526279e+00  0.000000e+00
   endloop
 endfacet
 facet normal -0.000000e+00  0.000000e+00 -1.000000e+00
   outer loop
     vertex  3.400000e+01  1.385641e+01  0.000000e+00
     vertex  3.000000e+01  1.212436e+01  0.000000e+00
     vertex  3.100000e+01  1.385641e+01  0.000000e+00
   endloop
 endfacet
 facet normal  0.000000e+00 -0.000000e+00 -1.000000e+00
   outer loop
     vertex  3.400000e+01  1.385641e+01  0.000000e+00
     vertex  3.450000e+01  9.526279e+00  0.000000e+00
     vertex  3.000000e+01  1.212436e+01  0.000000e+00
   endloop
 endfacet
 facet normal -0.000000e+00  0.000000e+00 -1.000000e+00
   outer loop
     vertex  1.250000e+01  3.550704e+01  0.000000e+00
     vertex  9.000000e+00  3.464102e+01  0.000000e+00
     vertex  9.500000e+00  3.550704e+01  0.000000e+00
   endloop
 endfacet
 facet normal  0.000000e+00 -0.000000e+00 -1.000000e+00
   outer loop
     vertex  1.250000e+01  3.550704e+01  0.000000e+00
     vertex  1.400000e+01  3.290897e+01  0.000000e+00
     vertex  9.000000e+00  3.464102e+01  0.000000e+00
   endloop
 endfacet
 facet normal  0.000000e+00  0.000000e+00 -1.000000e+00
   outer loop
     vertex  2.550000e+01  2.511474e+01  0.000000e+00
     vertex  1.950000e+01  2.511474e+01  0.000000e+00
     vertex  2.150000e+01  2.857884e+01  0.000000e+00
   endloop
 endfacet
 facet normal -0.000000e+00  0.000000e+00 -1.000000e+00
   outer loop
     vertex  2.550000e+01  2.511474e+01  0.000000e+00
     vertex  1.950000e+01  1.991858e+01  0.000000e+00
     vertex  1.950000e+01  2.511474e+01  0.000000e+00
   endloop
 endfacet
 facet normal  0.000000e+00 -0.000000e+00 -1.000000e+00
   outer loop
     vertex  2.550000e+01  2.511474e+01  0.000000e+00
     vertex  2.550000e+01  1.991858e+01  0.000000e+00
     vertex  1.950000e+01  1.991858e+01  0.000000e+00
   endloop
 endfacet
 facet normal  0.000000e+00  0.000000e+00 -1.000000e+00
   outer loop
     vertex  2.900000e+01  2.251666e+01  0.000000e+00
     vertex  2.750000e+01  1.991858e+01  0.000000e+00
     vertex  2.550000e+01  1.991858e+01  0.000000e+00
   endloop
 endfacet
 facet normal -0.000000e+00  0.000000e+00 -1.000000e+00
   outer loop
     vertex  2.900000e+01  2.251666e+01  0.000000e+00
     vertex  2.550000e+01  1.991858e+01  0.000000e+00
     vertex  2.550000e+01  2.511474e+01  0.000000e+00
   endloop
 endfacet
 facet normal  0.000000e+00 -0.000000e+00 -1.000000e+00
   outer loop
     vertex  2.750000e+01  2.511474e+01  0.000000e+00
     vertex  2.900000e+01  2.251666e+01  0.000000e+00
     vertex  2.550000e+01  2.511474e+01  0.000000e+00
   endloop
 endfacet
 facet normal -0.000000e+00 -0.000000e+00 -1.000000e+00
   outer loop
     vertex  2.450000e+01  2.857884e+01  0.000000e+00
     vertex  2.550000e+01  2.511474e+01  0.000000e+00
     vertex  2.150000e+01  2.857884e+01  0.000000e+00
   endloop
 endfacet
 facet normal  0.000000e+00  0.000000e+00 -1.000000e+00
   outer loop
     vertex  2.450000e+01  2.857884e+01  0.000000e+00
     vertex  2.600000e+01  2.598076e+01  0.000000e+00
     vertex  2.550000e+01  2.511474e+01  0.000000e+00
   endloop
 endfacet
 facet normal -0.000000e+00 -0.000000e+00 -1.000000e+00
   outer loop
     vertex  2.100000e+01  3.637307e+01  0.000000e+00
     vertex  2.250000e+01  3.377499e+01  0.000000e+00
     vertex  1.800000e+01  3.637307e+01  0.000000e+00
   endloop
 endfacet
 facet normal -0.000000e+00  0.000000e+00 -1.000000e+00
   outer loop
     vertex  4.050000e+01  2.598076e+00  0.000000e+00
     vertex  3.050000e+01 -2.598076e+00  0.000000e+00
     vertex  3.050000e+01  2.598076e+00  0.000000e+00
   endloop
 endfacet
 facet normal  0.000000e+00 -0.000000e+00 -1.000000e+00
   outer loop
     vertex  4.050000e+01  2.598076e+00  0.000000e+00
     vertex  4.050000e+01 -2.598076e+00  0.000000e+00
     vertex  3.050000e+01 -2.598076e+00  0.000000e+00
   endloop
 endfacet
 facet normal  0.000000e+00  0.000000e+00 -1.000000e+00
   outer loop
     vertex  1.750000e+01  2.511474e+01  0.000000e+00
     vertex  1.300000e+01  2.771281e+01  0.000000e+00
     vertex  2.250000e+01  3.377499e+01  0.000000e+00
   endloop
 endfacet
 facet normal  0.000000e+00  0.000000e+00 -1.000000e+00
   outer loop
     vertex  1.300000e+01  2.771281e+01  0.000000e+00
     vertex  1.800000e+01  3.637307e+01  0.000000e+00
     vertex  2.250000e+01  3.377499e+01  0.000000e+00
   endloop
 endfacet
 facet normal  0.000000e+00  0.000000e+00 -1.000000e+00
   outer loop
     vertex -1.300000e+01  2.771281e+01  0.000000e+00
     vertex -2.250000e+01  3.377499e+01  0.000000e+00
     vertex -1.800000e+01  3.637307e+01  0.000000e+00
   endloop
 endfacet
 facet normal -0.000000e+00  0.000000e+00 -1.000000e+00
   outer loop
     vertex -1.300000e+01  2.771281e+01  0.000000e+00
     vertex -1.750000e+01  2.511474e+01  0.000000e+00
     vertex -2.250000e+01  3.377499e+01  0.000000e+00
   endloop
 endfacet
 facet normal  0.000000e+00  0.000000e+00 -1.000000e+00
   outer loop
     vertex -4.050000e+01 -2.598076e+00  0.000000e+00
     vertex -3.050000e+01  2.598076e+00  0.000000e+00
     vertex -3.050000e+01 -2.598076e+00  0.000000e+00
   endloop
 endfacet
 facet normal  0.000000e+00  0.000000e+00 -1.000000e+00
   outer loop
     vertex -4.050000e+01 -2.598076e+00  0.000000e+00
     vertex -4.050000e+01  2.598076e+00  0.000000e+00
     vertex -3.050000e+01  2.598076e+00  0.000000e+00
   endloop
 endfacet
 facet normal  0.000000e+00 -0.000000e+00 -1.000000e+00
   outer loop
     vertex -1.750000e+01 -2.511474e+01  0.000000e+00
     vertex -1.300000e+01 -2.771281e+01  0.000000e+00
     vertex -2.250000e+01 -3.377499e+01  0.000000e+00
   endloop
 endfacet
 facet normal  0.000000e+00  0.000000e+00 -1.000000e+00
   outer loop
     vertex -1.800000e+01 -3.637307e+01  0.000000e+00
     vertex -2.250000e+01 -3.377499e+01  0.000000e+00
     vertex -1.300000e+01 -2.771281e+01  0.000000e+00
   endloop
 endfacet
 facet normal  0.000000e+00  0.000000e+00 -1.000000e+00
   outer loop
     vertex  1.300000e+01 -2.771281e+01  0.000000e+00
     vertex  1.750000e+01 -2.511474e+01  0.000000e+00
     vertex  1.800000e+01 -3.637307e+01  0.000000e+00
   endloop
 endfacet
 facet normal -0.000000e+00  0.000000e+00 -1.000000e+00
   outer loop
     vertex  2.250000e+01 -3.377499e+01  0.000000e+00
     vertex  1.800000e+01 -3.637307e+01  0.000000e+00
     vertex  1.750000e+01 -2.511474e+01  0.000000e+00
   endloop
 endfacet
 facet normal  0.000000e+00  0.000000e+00  1.000000e+00
   outer loop
     vertex -1.800000e+01 -3.637307e+01  3.000000e-01
     vertex -2.250000e+01 -3.377499e+01  3.000000e-01
     vertex -2.100000e+01 -3.637307e+01  3.000000e-01
   endloop
 endfacet
 facet normal  0.000000e+00  0.000000e+00  1.000000e+00
   outer loop
     vertex -2.550000e+01 -2.511474e+01  3.000000e-01
     vertex -2.900000e+01 -2.251666e+01  3.000000e-01
     vertex -2.750000e+01 -2.511474e+01  3.000000e-01
   endloop
 endfacet
 facet normal  0.000000e+00  0.000000e+00  1.000000e+00
   outer loop
     vertex -2.550000e+01 -2.511474e+01  3.000000e-01
     vertex -2.600000e+01 -2.598076e+01  3.000000e-01
     vertex -2.450000e+01 -2.857884e+01  3.000000e-01
   endloop
 endfacet
 facet normal  0.000000e+00  0.000000e+00  1.000000e+00
   outer loop
     vertex -2.150000e+01 -2.857884e+01  3.000000e-01
     vertex -2.550000e+01 -2.511474e+01  3.000000e-01
     vertex -2.450000e+01 -2.857884e+01  3.000000e-01
   endloop
 endfacet
 facet normal  0.000000e+00  0.000000e+00  1.000000e+00
   outer loop
     vertex -2.550000e+01 -1.991858e+01  3.000000e-01
     vertex -2.900000e+01 -2.251666e+01  3.000000e-01
     vertex -2.550000e+01 -2.511474e+01  3.000000e-01
   endloop
 endfacet
 facet normal  0.000000e+00  0.000000e+00  1.000000e+00
   outer loop
     vertex -2.550000e+01 -1.991858e+01  3.000000e-01
     vertex -2.750000e+01 -1.991858e+01  3.000000e-01
     vertex -2.900000e+01 -2.251666e+01  3.000000e-01
   endloop
 endfacet
 facet normal  0.000000e+00  0.000000e+00  1.000000e+00
   outer loop
     vertex -1.950000e+01 -2.511474e+01  3.000000e-01
     vertex -2.550000e+01 -2.511474e+01  3.000000e-01
     vertex -2.150000e+01 -2.857884e+01  3.000000e-01
   endloop
 endfacet
 facet normal  0.000000e+00  0.000000e+00  1.000000e+00
   outer loop
     vertex -3.450000e+01 -9.526279e+00  3.000000e-01
     vertex -3.550000e+01 -1.125833e+01  3.000000e-01
     vertex -3.400000e+01 -1.385641e+01  3.000000e-01
   endloop
 endfacet
 facet normal  0.000000e+00  0.000000e+00  1.000000e+00
   outer loop
     vertex -3.700000e+01 -6.928203e+00  3.000000e-01
     vertex -3.550000e+01 -9.526279e+00  3.000000e-01
     vertex -3.450000e+01 -9.526279e+00  3.000000e-01
   endloop
 endfacet
 facet normal  0.000000e+00  0.000000e+00  1.000000e+00
   outer loop
     vertex -9.000000e+00 -3.464102e+01  3.000000e-01
     vertex -1.400000e+01 -3.290897e+01  3.000000e-01
     vertex -1.250000e+01 -3.550704e+01  3.000000e-01
   endloop
 endfacet
 facet normal  0.000000e+00  0.000000e+00  1.000000e+00
   outer loop
     vertex -9.000000e+00 -3.464102e+01  3.000000e-01
     vertex -1.250000e+01 -3.550704e+01  3.000000e-01
     vertex -9.500000e+00 -3.550704e+01  3.000000e-01
   endloop
 endfacet
 facet normal  0.000000e+00  0.000000e+00  1.000000e+00
   outer loop
     vertex -3.000000e+01 -1.212436e+01  3.000000e-01
     vertex -3.400000e+01 -1.385641e+01  3.000000e-01
     vertex -3.100000e+01 -1.385641e+01  3.000000e-01
   endloop
 endfacet
 facet normal  0.000000e+00  0.000000e+00  1.000000e+00
   outer loop
     vertex -3.000000e+01 -1.212436e+01  3.000000e-01
     vertex -3.450000e+01 -9.526279e+00  3.000000e-01
     vertex -3.400000e+01 -1.385641e+01  3.000000e-01
   endloop
 endfacet
 facet normal  0.000000e+00  0.000000e+00  1.000000e+00
   outer loop
     vertex -1.200000e+01 -2.944486e+01  3.000000e-01
     vertex -1.400000e+01 -3.290897e+01  3.000000e-01
     vertex -9.000000e+00 -3.464102e+01  3.000000e-01
   endloop
 endfacet
 facet normal  0.000000e+00  0.000000e+00  1.000000e+00
   outer loop
     vertex -5.000000e+00 -3.637307e+01  3.000000e-01
     vertex -9.000000e+00 -3.464102e+01  3.000000e-01
     vertex -8.000000e+00 -3.637307e+01  3.000000e-01
   endloop
 endfacet
 facet normal  0.000000e+00  0.000000e+00  1.000000e+00
   outer loop
     vertex -2.450000e+01 -1.645448e+01  3.000000e-01
     vertex -2.600000e+01 -1.905256e+01  3.000000e-01
     vertex -2.550000e+01 -1.991858e+01  3.000000e-01
   endloop
 endfacet
 facet normal  0.000000e+00  0.000000e+00  1.000000e+00
   outer loop
     vertex -3.550000e+01 -4.330127e+00  3.000000e-01
     vertex -3.700000e+01 -6.928203e+00  3.000000e-01
     vertex -3.450000e+01 -9.526279e+00  3.000000e-01
   endloop
 endfacet
 facet normal  0.000000e+00  0.000000e+00  1.000000e+00
   outer loop
     vertex -2.650000e+01 -1.299038e+01  3.000000e-01
     vertex -3.000000e+01 -1.212436e+01  3.000000e-01
     vertex -2.950000e+01 -1.299038e+01  3.000000e-01
   endloop
 endfacet
 facet normal  0.000000e+00  0.000000e+00  1.000000e+00
   outer loop
     vertex -1.950000e+01 -1.991858e+01  3.000000e-01
     vertex -1.950000e+01 -2.511474e+01  3.000000e-01
     vertex -1.750000e+01 -2.511474e+01  3.000000e-01
   endloop
 endfacet
 facet normal  0.000000e+00  0.000000e+00  1.000000e+00
   outer loop
     vertex -1.950000e+01 -1.991858e+01  3.000000e-01
     vertex -2.550000e+01 -1.991858e+01  3.000000e-01
     vertex -2.550000e+01 -2.511474e+01  3.000000e-01
   endloop
 endfacet
 facet normal  0.000000e+00  0.000000e+00  1.000000e+00
   outer loop
     vertex -1.950000e+01 -1.991858e+01  3.000000e-01
     vertex -2.550000e+01 -2.511474e+01  3.000000e-01
     vertex -1.950000e+01 -2.511474e+01  3.000000e-01
   endloop
 endfacet
 facet normal  0.000000e+00  0.000000e+00  1.000000e+00
   outer loop
     vertex -2.150000e+01 -1.645448e+01  3.000000e-01
     vertex -2.450000e+01 -1.645448e+01  3.000000e-01
     vertex -2.550000e+01 -1.991858e+01  3.000000e-01
   endloop
 endfacet
 facet normal  0.000000e+00  0.000000e+00  1.000000e+00
   outer loop
     vertex -2.150000e+01 -1.645448e+01  3.000000e-01
     vertex -2.550000e+01 -1.991858e+01  3.000000e-01
     vertex -1.950000e+01 -1.991858e+01  3.000000e-01
   endloop
 endfacet
 facet normal  0.000000e+00  0.000000e+00  1.000000e+00
   outer loop
     vertex -4.050000e+01  2.598076e+00  3.000000e-01
     vertex -4.200000e+01  5.236294e-15  3.000000e-01
     vertex -4.050000e+01 -2.598076e+00  3.000000e-01
   endloop
 endfacet
 facet normal  0.000000e+00  0.000000e+00  1.000000e+00
   outer loop
     vertex -4.500000e+00 -3.204294e+01  3.000000e-01
     vertex -5.000000e+00 -3.637307e+01  3.000000e-01
     vertex -3.500000e+00 -3.377499e+01  3.000000e-01
   endloop
 endfacet
 facet normal  0.000000e+00  0.000000e+00  1.000000e+00
   outer loop
     vertex -4.500000e+00 -3.204294e+01  3.000000e-01
     vertex -9.000000e+00 -3.464102e+01  3.000000e-01
     vertex -5.000000e+00 -3.637307e+01  3.000000e-01
   endloop
 endfacet
 facet normal  0.000000e+00  0.000000e+00  1.000000e+00
   outer loop
     vertex -3.150000e+01 -4.330127e+00  3.000000e-01
     vertex -3.550000e+01 -4.330127e+00  3.000000e-01
     vertex -3.450000e+01 -9.526279e+00  3.000000e-01
   endloop
 endfacet
 facet normal  0.000000e+00  0.000000e+00  1.000000e+00
   outer loop
     vertex -2.500000e+01 -1.039230e+01  3.000000e-01
     vertex -3.000000e+01 -1.212436e+01  3.000000e-01
     vertex -2.650000e+01 -1.299038e+01  3.000000e-01
   endloop
 endfacet
 facet normal  0.000000e+00  0.000000e+00  1.000000e+00
   outer loop
     vertex -1.450000e+01 -1.991858e+01  3.000000e-01
     vertex -1.950000e+01 -1.991858e+01  3.000000e-01
     vertex -1.750000e+01 -2.511474e+01  3.000000e-01
   endloop
 endfacet
 facet normal  0.000000e+00  0.000000e+00  1.000000e+00
   outer loop
     vertex -7.500000e+00 -2.684679e+01  3.000000e-01
     vertex -1.300000e+01 -2.771281e+01  3.000000e-01
     vertex -1.200000e+01 -2.944486e+01  3.000000e-01
   endloop
 endfacet
 facet normal  0.000000e+00  0.000000e+00  1.000000e+00
   outer loop
     vertex -7.500000e+00 -2.684679e+01  3.000000e-01
     vertex -1.200000e+01 -2.944486e+01  3.000000e-01
     vertex -9.000000e+00 -3.464102e+01  3.000000e-01
   endloop
 endfacet
 facet normal  0.000000e+00  0.000000e+00  1.000000e+00
   outer loop
     vertex -7.500000e+00 -2.684679e+01  3.000000e-01
     vertex -9.000000e+00 -3.464102e+01  3.000000e-01
     vertex -4.500000e+00 -3.204294e+01  3.000000e-01
   endloop
 endfacet
 facet normal  0.000000e+00  0.000000e+00  1.000000e+00
   outer loop
     vertex -2.700000e+01 -6.928203e+00  3.000000e-01
     vertex -3.450000e+01 -9.526279e+00  3.000000e-01
     vertex -3.000000e+01 -1.212436e+01  3.000000e-01
   endloop
 endfacet
 facet normal  0.000000e+00  0.000000e+00  1.000000e+00
   outer loop
     vertex -2.700000e+01 -6.928203e+00  3.000000e-01
     vertex -3.150000e+01 -4.330127e+00  3.000000e-01
     vertex -3.450000e+01 -9.526279e+00  3.000000e-01
   endloop
 endfacet
 facet normal  0.000000e+00  0.000000e+00  1.000000e+00
   outer loop
     vertex -2.700000e+01 -6.928203e+00  3.000000e-01
     vertex -3.000000e+01 -1.212436e+01  3.000000e-01
     vertex -2.500000e+01 -1.039230e+01  3.000000e-01
   endloop
 endfacet
 facet normal  0.000000e+00  0.000000e+00  1.000000e+00
   outer loop
     vertex -3.050000e+01 -2.598076e+00  3.000000e-01
     vertex -3.150000e+01 -4.330127e+00  3.000000e-01
     vertex -2.700000e+01 -6.928203e+00  3.000000e-01
   endloop
 endfacet
 facet normal  0.000000e+00  0.000000e+00  1.000000e+00
   outer loop
     vertex -1.000000e+01 -2.251666e+01  3.000000e-01
     vertex -1.300000e+01 -2.771281e+01  3.000000e-01
     vertex -7.500000e+00 -2.684679e+01  3.000000e-01
   endloop
 endfacet
 facet normal  0.000000e+00  0.000000e+00  1.000000e+00
   outer loop
     vertex -1.000000e+01 -2.251666e+01  3.000000e-01
     vertex -1.750000e+01 -2.511474e+01  3.000000e-01
     vertex -1.300000e+01 -2.771281e+01  3.000000e-01
   endloop
 endfacet
 facet normal  0.000000e+00  0.000000e+00  1.000000e+00
   outer loop
     vertex -1.000000e+01 -2.251666e+01  3.000000e-01
     vertex -1.450000e+01 -1.991858e+01  3.000000e-01
     vertex -1.750000e+01 -2.511474e+01  3.000000e-01
   endloop
 endfacet
 facet normal  0.000000e+00  0.000000e+00  1.000000e+00
   outer loop
     vertex -2.000000e+00 -2.944486e+01  3.000000e-01
     vertex -4.500000e+00 -3.204294e+01  3.000000e-01
     vertex -3.500000e+00 -3.204294e+01  3.000000e-01
   endloop
 endfacet
 facet normal  0.000000e+00  0.000000e+00  1.000000e+00
   outer loop
     vertex -3.500000e+00 -2.684679e+01  3.000000e-01
     vertex -4.500000e+00 -3.204294e+01  3.000000e-01
     vertex -2.000000e+00 -2.944486e+01  3.000000e-01
   endloop
 endfacet
 facet normal  0.000000e+00  0.000000e+00  1.000000e+00
   outer loop
     vertex -3.500000e+00 -2.684679e+01  3.000000e-01
     vertex -7.500000e+00 -2.684679e+01  3.000000e-01
     vertex -4.500000e+00 -3.204294e+01  3.000000e-01
   endloop
 endfacet
 facet normal  0.000000e+00  0.000000e+00  1.000000e+00
   outer loop
     vertex  4.500000e+00 -3.204294e+01  3.000000e-01
     vertex  3.500000e+00 -3.377499e+01  3.000000e-01
     vertex  5.000000e+00 -3.637307e+01  3.000000e-01
   endloop
 endfacet
 facet normal  0.000000e+00  0.000000e+00  1.000000e+00
   outer loop
     vertex  2.000000e+00 -2.944486e+01  3.000000e-01
     vertex  3.500000e+00 -3.204294e+01  3.000000e-01
     vertex  4.500000e+00 -3.204294e+01  3.000000e-01
   endloop
 endfacet
 facet normal  0.000000e+00  0.000000e+00  1.000000e+00
   outer loop
     vertex -2.450000e+01 -2.598076e+00  3.000000e-01
     vertex -3.050000e+01 -2.598076e+00  3.000000e-01
     vertex -2.700000e+01 -6.928203e+00  3.000000e-01
   endloop
 endfacet
 facet normal  0.000000e+00  0.000000e+00  1.000000e+00
   outer loop
     vertex  9.000000e+00 -3.464102e+01  3.000000e-01
     vertex  4.500000e+00 -3.204294e+01  3.000000e-01
     vertex  5.000000e+00 -3.637307e+01  3.000000e-01
   endloop
 endfacet
 facet normal  0.000000e+00  0.000000e+00  1.000000e+00
   outer loop
     vertex  9.000000e+00 -3.464102e+01  3.000000e-01
     vertex  5.000000e+00 -3.637307e+01  3.000000e-01
     vertex  8.000000e+00 -3.637307e+01  3.000000e-01
   endloop
 endfacet
 facet normal  0.000000e+00  0.000000e+00  1.000000e+00
   outer loop
     vertex -3.450000e+01  9.526279e+00  3.000000e-01
     vertex -3.550000e+01  9.526279e+00  3.000000e-01
     vertex -3.700000e+01  6.928203e+00  3.000000e-01
   endloop
 endfacet
 facet normal  0.000000e+00  0.000000e+00  1.000000e+00
   outer loop
     vertex -3.450000e+01  9.526279e+00  3.000000e-01
     vertex -3.700000e+01  6.928203e+00  3.000000e-01
     vertex -3.550000e+01  4.330127e+00  3.000000e-01
   endloop
 endfacet
 facet normal  0.000000e+00  0.000000e+00  1.000000e+00
   outer loop
     vertex -3.450000e+01  9.526279e+00  3.000000e-01
     vertex -3.550000e+01  4.330127e+00  3.000000e-01
     vertex -3.150000e+01  4.330127e+00  3.000000e-01
   endloop
 endfacet
 facet normal  0.000000e+00  0.000000e+00  1.000000e+00
   outer loop
     vertex  3.500000e+00 -2.684679e+01  3.000000e-01
     vertex  2.000000e+00 -2.944486e+01  3.000000e-01
     vertex  4.500000e+00 -3.204294e+01  3.000000e-01
   endloop
 endfacet
 facet normal  0.000000e+00  0.000000e+00  1.000000e+00
   outer loop
     vertex  1.250000e+01 -3.550704e+01  3.000000e-01
     vertex  9.000000e+00 -3.464102e+01  3.000000e-01
     vertex  9.500000e+00 -3.550704e+01  3.000000e-01
   endloop
 endfacet
 facet normal  0.000000e+00  0.000000e+00  1.000000e+00
   outer loop
     vertex -2.450000e+01  2.598076e+00  3.000000e-01
     vertex -3.050000e+01 -2.598076e+00  3.000000e-01
     vertex -2.450000e+01 -2.598076e+00  3.000000e-01
   endloop
 endfacet
 facet normal  0.000000e+00  0.000000e+00  1.000000e+00
   outer loop
     vertex -2.450000e+01  2.598076e+00  3.000000e-01
     vertex -3.050000e+01  2.598076e+00  3.000000e-01
     vertex -3.050000e+01 -2.598076e+00  3.000000e-01
   endloop
 endfacet
 facet normal  0.000000e+00  0.000000e+00  1.000000e+00
   outer loop
     vertex -3.400000e+01  1.385641e+01  3.000000e-01
     vertex -3.550000e+01  1.125833e+01  3.000000e-01
     vertex -3.450000e+01  9.526279e+00  3.000000e-01
   endloop
 endfacet
 facet normal  0.000000e+00  0.000000e+00  1.000000e+00
   outer loop
     vertex -2.700000e+01  6.928203e+00  3.000000e-01
     vertex -3.050000e+01  2.598076e+00  3.000000e-01
     vertex -2.450000e+01  2.598076e+00  3.000000e-01
   endloop
 endfacet
 facet normal  0.000000e+00  0.000000e+00  1.000000e+00
   outer loop
     vertex -2.700000e+01  6.928203e+00  3.000000e-01
     vertex -3.150000e+01  4.330127e+00  3.000000e-01
     vertex -3.050000e+01  2.598076e+00  3.000000e-01
   endloop
 endfacet
 facet normal  0.000000e+00  0.000000e+00  1.000000e+00
   outer loop
     vertex  7.500000e+00 -2.684679e+01  3.000000e-01
     vertex  3.500000e+00 -2.684679e+01  3.000000e-01
     vertex  4.500000e+00 -3.204294e+01  3.000000e-01
   endloop
 endfacet
 facet normal  0.000000e+00  0.000000e+00  1.000000e+00
   outer loop
     vertex  1.400000e+01 -3.290897e+01  3.000000e-01
     vertex  9.000000e+00 -3.464102e+01  3.000000e-01
     vertex  1.250000e+01 -3.550704e+01  3.000000e-01
   endloop
 endfacet
 facet normal  0.000000e+00  0.000000e+00  1.000000e+00
   outer loop
     vertex -3.000000e+01  1.212436e+01  3.000000e-01
     vertex -3.450000e+01  9.526279e+00  3.000000e-01
     vertex -3.150000e+01  4.330127e+00  3.000000e-01
   endloop
 endfacet
 facet normal  0.000000e+00  0.000000e+00  1.000000e+00
   outer loop
     vertex -3.000000e+01  1.212436e+01  3.000000e-01
     vertex -3.400000e+01  1.385641e+01  3.000000e-01
     vertex -3.450000e+01  9.526279e+00  3.000000e-01
   endloop
 endfacet
 facet normal  0.000000e+00  0.000000e+00  1.000000e+00
   outer loop
     vertex -3.000000e+01  1.212436e+01  3.000000e-01
     vertex -3.150000e+01  4.330127e+00  3.000000e-01
     vertex -2.700000e+01  6.928203e+00  3.000000e-01
   endloop
 endfacet
 facet normal  0.000000e+00  0.000000e+00  1.000000e+00
   outer loop
     vertex  1.200000e+01 -2.944486e+01  3.000000e-01
     vertex  4.500000e+00 -3.204294e+01  3.000000e-01
     vertex  9.000000e+00 -3.464102e+01  3.000000e-01
   endloop
 endfacet
 facet normal  0.000000e+00  0.000000e+00  1.000000e+00
   outer loop
     vertex  1.200000e+01 -2.944486e+01  3.000000e-01
     vertex  7.500000e+00 -2.684679e+01  3.000000e-01
     vertex  4.500000e+00 -3.204294e+01  3.000000e-01
   endloop
 endfacet
 facet normal  0.000000e+00  0.000000e+00  1.000000e+00
   outer loop
     vertex  1.200000e+01 -2.944486e+01  3.000000e-01
     vertex  9.000000e+00 -3.464102e+01  3.000000e-01
     vertex  1.400000e+01 -3.290897e+01  3.000000e-01
   endloop
 endfacet
 facet normal  0.000000e+00  0.000000e+00  1.000000e+00
   outer loop
     vertex -3.100000e+01  1.385641e+01  3.000000e-01
     vertex -3.400000e+01  1.385641e+01  3.000000e-01
     vertex -3.000000e+01  1.212436e+01  3.000000e-01
   endloop
 endfacet
 facet normal  0.000000e+00  0.000000e+00  1.000000e+00
   outer loop
     vertex  1.300000e+01 -2.771281e+01  3.000000e-01
     vertex  7.500000e+00 -2.684679e+01  3.000000e-01
     vertex  1.200000e+01 -2.944486e+01  3.000000e-01
   endloop
 endfacet
 facet normal  0.000000e+00  0.000000e+00  1.000000e+00
   outer loop
     vertex -2.500000e+01  1.039230e+01  3.000000e-01
     vertex -3.000000e+01  1.212436e+01  3.000000e-01
     vertex -2.700000e+01  6.928203e+00  3.000000e-01
   endloop
 endfacet
 facet normal  0.000000e+00  0.000000e+00  1.000000e+00
   outer loop
     vertex -2.650000e+01  1.299038e+01  3.000000e-01
     vertex -3.000000e+01  1.212436e+01  3.000000e-01
     vertex -2.500000e+01  1.039230e+01  3.000000e-01
   endloop
 endfacet
 facet normal  0.000000e+00  0.000000e+00  1.000000e+00
   outer loop
     vertex -2.650000e+01  1.299038e+01  3.000000e-01
     vertex -2.950000e+01  1.299038e+01  3.000000e-01
     vertex -3.000000e+01  1.212436e+01  3.000000e-01
   endloop
 endfacet
 facet normal  0.000000e+00  0.000000e+00  1.000000e+00
   outer loop
     vertex  1.000000e+01 -2.251666e+01  3.000000e-01
     vertex  7.500000e+00 -2.684679e+01  3.000000e-01
     vertex  1.300000e+01 -2.771281e+01  3.000000e-01
   endloop
 endfacet
 facet normal  0.000000e+00  0.000000e+00  1.000000e+00
   outer loop
     vertex  2.250000e+01 -3.377499e+01  3.000000e-01
     vertex  1.800000e+01 -3.637307e+01  3.000000e-01
     vertex  2.100000e+01 -3.637307e+01  3.000000e-01
   endloop
 endfacet
 facet normal  0.000000e+00  0.000000e+00  1.000000e+00
   outer loop
     vertex  1.750000e+01 -2.511474e+01  3.000000e-01
     vertex  1.000000e+01 -2.251666e+01  3.000000e-01
     vertex  1.300000e+01 -2.771281e+01  3.000000e-01
   endloop
 endfacet
 facet normal  0.000000e+00  0.000000e+00  1.000000e+00
   outer loop
     vertex -2.550000e+01  1.991858e+01  3.000000e-01
     vertex -2.900000e+01  2.251666e+01  3.000000e-01
     vertex -2.750000e+01  1.991858e+01  3.000000e-01
   endloop
 endfacet
 facet normal  0.000000e+00  0.000000e+00  1.000000e+00
   outer loop
     vertex -2.550000e+01  1.991858e+01  3.000000e-01
     vertex -2.600000e+01  1.905256e+01  3.000000e-01
     vertex -2.450000e+01  1.645448e+01  3.000000e-01
   endloop
 endfacet
 facet normal  0.000000e+00  0.000000e+00  1.000000e+00
   outer loop
     vertex  1.450000e+01 -1.991858e+01  3.000000e-01
     vertex  1.000000e+01 -2.251666e+01  3.000000e-01
     vertex  1.750000e+01 -2.511474e+01  3.000000e-01
   endloop
 endfacet
 facet normal  0.000000e+00  0.000000e+00  1.000000e+00
   outer loop
     vertex  2.220446e-16 -5.196152e+00  3.000000e-01
     vertex -1.450000e+01 -1.991858e+01  3.000000e-01
     vertex -1.000000e+01 -2.251666e+01  3.000000e-01
   endloop
 endfacet
 facet normal  0.000000e+00  0.000000e+00  1.000000e+00
   outer loop
     vertex  2.220446e-16 -5.196152e+00  3.000000e-01
     vertex -4.500000e+00 -2.598076e+00  3.000000e-01
     vertex -1.450000e+01 -1.991858e+01  3.000000e-01
   endloop
 endfacet
 facet normal  0.000000e+00  0.000000e+00  1.000000e+00
   outer loop
     vertex -2.150000e+01  1.645448e+01  3.000000e-01
     vertex -2.550000e+01  1.991858e+01  3.000000e-01
     vertex -2.450000e+01  1.645448e+01  3.000000e-01
   endloop
 endfacet
 facet normal  0.000000e+00  0.000000e+00  1.000000e+00
   outer loop
     vertex -4.500000e+00  2.598076e+00  3.000000e-01
     vertex -2.450000e+01 -2.598076e+00  3.000000e-01
     vertex -4.500000e+00 -2.598076e+00  3.000000e-01
   endloop
 endfacet
 facet normal  0.000000e+00  0.000000e+00  1.000000e+00
   outer loop
     vertex -4.500000e+00  2.598076e+00  3.000000e-01
     vertex -2.450000e+01  2.598076e+00  3.000000e-01
     vertex -2.450000e+01 -2.598076e+00  3.000000e-01
   endloop
 endfacet
 facet normal  0.000000e+00  0.000000e+00  1.000000e+00
   outer loop
     vertex -4.500000e+00  2.598076e+00  3.000000e-01
     vertex -4.500000e+00 -2.598076e+00  3.000000e-01
     vertex  2.220446e-16 -5.196152e+00  3.000000e-01
   endloop
 endfacet
 facet normal  0.000000e+00  0.000000e+00  1.000000e+00
   outer loop
     vertex  1.950000e+01 -1.991858e+01  3.000000e-01
     vertex  1.450000e+01 -1.991858e+01  3.000000e-01
     vertex  1.750000e+01 -2.511474e+01  3.000000e-01
   endloop
 endfacet
 facet normal  0.000000e+00  0.000000e+00  1.000000e+00
   outer loop
     vertex  1.950000e+01 -1.991858e+01  3.000000e-01
     vertex  1.750000e+01 -2.511474e+01  3.000000e-01
     vertex  1.950000e+01 -2.511474e+01  3.000000e-01
   endloop
 endfacet
 facet normal  0.000000e+00  0.000000e+00  1.000000e+00
   outer loop
     vertex -2.550000e+01  2.511474e+01  3.000000e-01
     vertex -2.750000e+01  2.511474e+01  3.000000e-01
     vertex -2.900000e+01  2.251666e+01  3.000000e-01
   endloop
 endfacet
 facet normal  0.000000e+00  0.000000e+00  1.000000e+00
   outer loop
     vertex -2.550000e+01  2.511474e+01  3.000000e-01
     vertex -2.900000e+01  2.251666e+01  3.000000e-01
     vertex -2.550000e+01  1.991858e+01  3.000000e-01
   endloop
 endfacet
 facet normal  0.000000e+00  0.000000e+00  1.000000e+00
   outer loop
     vertex  2.550000e+01 -2.511474e+01  3.000000e-01
     vertex  1.950000e+01 -2.511474e+01  3.000000e-01
     vertex  2.150000e+01 -2.857884e+01  3.000000e-01
   endloop
 endfacet
 facet normal  0.000000e+00  0.000000e+00  1.000000e+00
   outer loop
     vertex  2.550000e+01 -2.511474e+01  3.000000e-01
     vertex  2.150000e+01 -2.857884e+01  3.000000e-01
     vertex  2.450000e+01 -2.857884e+01  3.000000e-01
   endloop
 endfacet
 facet normal  0.000000e+00  0.000000e+00  1.000000e+00
   outer loop
     vertex  2.550000e+01 -2.511474e+01  3.000000e-01
     vertex  2.450000e+01 -2.857884e+01  3.000000e-01
     vertex  2.600000e+01 -2.598076e+01  3.000000e-01
   endloop
 endfacet
 facet normal  0.000000e+00  0.000000e+00  1.000000e+00
   outer loop
     vertex -1.950000e+01  1.991858e+01  3.000000e-01
     vertex -2.550000e+01  1.991858e+01  3.000000e-01
     vertex -2.150000e+01  1.645448e+01  3.000000e-01
   endloop
 endfacet
 facet normal  0.000000e+00  0.000000e+00  1.000000e+00
   outer loop
     vertex  4.500000e+00 -2.598076e+00  3.000000e-01
     vertex  1.000000e+01 -2.251666e+01  3.000000e-01
     vertex  1.450000e+01 -1.991858e+01  3.000000e-01
   endloop
 endfacet
 facet normal  0.000000e+00  0.000000e+00  1.000000e+00
   outer loop
     vertex  4.500000e+00 -2.598076e+00  3.000000e-01
     vertex  2.220446e-16 -5.196152e+00  3.000000e-01
     vertex  1.000000e+01 -2.251666e+01  3.000000e-01
   endloop
 endfacet
 facet normal  0.000000e+00  0.000000e+00  1.000000e+00
   outer loop
     vertex -2.450000e+01  2.857884e+01  3.000000e-01
     vertex -2.600000e+01  2.598076e+01  3.000000e-01
     vertex -2.550000e+01  2.511474e+01  3.000000e-01
   endloop
 endfacet
 facet normal  0.000000e+00  0.000000e+00  1.000000e+00
   outer loop
     vertex  2.550000e+01 -1.991858e+01  3.000000e-01
     vertex  1.950000e+01 -2.511474e+01  3.000000e-01
     vertex  2.550000e+01 -2.511474e+01  3.000000e-01
   endloop
 endfacet
 facet normal  0.000000e+00  0.000000e+00  1.000000e+00
   outer loop
     vertex  2.550000e+01 -1.991858e+01  3.000000e-01
     vertex  1.950000e+01 -1.991858e+01  3.000000e-01
     vertex  1.950000e+01 -2.511474e+01  3.000000e-01
   endloop
 endfacet
 facet normal  0.000000e+00  0.000000e+00  1.000000e+00
   outer loop
     vertex  2.550000e+01 -1.991858e+01  3.000000e-01
     vertex  2.150000e+01 -1.645448e+01  3.000000e-01
     vertex  1.950000e+01 -1.991858e+01  3.000000e-01
   endloop
 endfacet
 facet normal  0.000000e+00  0.000000e+00  1.000000e+00
   outer loop
     vertex -1.950000e+01  2.511474e+01  3.000000e-01
     vertex -2.550000e+01  2.511474e+01  3.000000e-01
     vertex -2.550000e+01  1.991858e+01  3.000000e-01
   endloop
 endfacet
 facet normal  0.000000e+00  0.000000e+00  1.000000e+00
   outer loop
     vertex -1.950000e+01  2.511474e+01  3.000000e-01
     vertex -2.550000e+01  1.991858e+01  3.000000e-01
     vertex -1.950000e+01  1.991858e+01  3.000000e-01
   endloop
 endfacet
 facet normal  0.000000e+00  0.000000e+00  1.000000e+00
   outer loop
     vertex  2.900000e+01 -2.251666e+01  3.000000e-01
     vertex  2.550000e+01 -1.991858e+01  3.000000e-01
     vertex  2.550000e+01 -2.511474e+01  3.000000e-01
   endloop
 endfacet
 facet normal  0.000000e+00  0.000000e+00  1.000000e+00
   outer loop
     vertex  2.900000e+01 -2.251666e+01  3.000000e-01
     vertex  2.550000e+01 -2.511474e+01  3.000000e-01
     vertex  2.750000e+01 -2.511474e+01  3.000000e-01
   endloop
 endfacet
 facet normal  0.000000e+00  0.000000e+00  1.000000e+00
   outer loop
     vertex -2.150000e+01  2.857884e+01  3.000000e-01
     vertex -2.450000e+01  2.857884e+01  3.000000e-01
     vertex -2.550000e+01  2.511474e+01  3.000000e-01
   endloop
 endfacet
 facet normal  0.000000e+00  0.000000e+00  1.000000e+00
   outer loop
     vertex -2.150000e+01  2.857884e+01  3.000000e-01
     vertex -2.550000e+01  2.511474e+01  3.000000e-01
     vertex -1.950000e+01  2.511474e+01  3.000000e-01
   endloop
 endfacet
 facet normal  0.000000e+00  0.000000e+00  1.000000e+00
   outer loop
     vertex  4.500000e+00  2.598076e+00  3.000000e-01
     vertex -4.500000e+00  2.598076e+00  3.000000e-01
     vertex  2.220446e-16 -5.196152e+00  3.000000e-01
   endloop
 endfacet
 facet normal  0.000000e+00  0.000000e+00  1.000000e+00
   outer loop
     vertex  4.500000e+00  2.598076e+00  3.000000e-01
     vertex  2.220446e-16 -5.196152e+00  3.000000e-01
     vertex  4.500000e+00 -2.598076e+00  3.000000e-01
   endloop
 endfacet
 facet normal  0.000000e+00  0.000000e+00  1.000000e+00
   outer loop
     vertex  4.500000e+00  2.598076e+00  3.000000e-01
     vertex  4.440892e-16  5.196152e+00  3.000000e-01
     vertex -4.500000e+00  2.598076e+00  3.000000e-01
   endloop
 endfacet
 facet normal  0.000000e+00  0.000000e+00  1.000000e+00
   outer loop
     vertex  2.750000e+01 -1.991858e+01  3.000000e-01
     vertex  2.550000e+01 -1.991858e+01  3.000000e-01
     vertex  2.900000e+01 -2.251666e+01  3.000000e-01
   endloop
 endfacet
 facet normal  0.000000e+00  0.000000e+00  1.000000e+00
   outer loop
     vertex -1.750000e+01  2.511474e+01  3.000000e-01
     vertex -1.950000e+01  2.511474e+01  3.000000e-01
     vertex -1.950000e+01  1.991858e+01  3.000000e-01
   endloop
 endfacet
 facet normal  0.000000e+00  0.000000e+00  1.000000e+00
   outer loop
     vertex -1.750000e+01  2.511474e+01  3.000000e-01
     vertex -1.950000e+01  1.991858e+01  3.000000e-01
     vertex -1.450000e+01  1.991858e+01  3.000000e-01
   endloop
 endfacet
 facet normal  0.000000e+00  0.000000e+00  1.000000e+00
   outer loop
     vertex  2.450000e+01 -1.645448e+01  3.000000e-01
     vertex  2.150000e+01 -1.645448e+01  3.000000e-01
     vertex  2.550000e+01 -1.991858e+01  3.000000e-01
   endloop
 endfacet
 facet normal  0.000000e+00  0.000000e+00  1.000000e+00
   outer loop
     vertex  2.450000e+01 -1.645448e+01  3.000000e-01
     vertex  2.550000e+01 -1.991858e+01  3.000000e-01
     vertex  2.600000e+01 -1.905256e+01  3.000000e-01
   endloop
 endfacet
 facet normal  0.000000e+00  0.000000e+00  1.000000e+00
   outer loop
     vertex -1.000000e+01  2.251666e+01  3.000000e-01
     vertex -4.500000e+00  2.598076e+00  3.000000e-01
     vertex  4.440892e-16  5.196152e+00  3.000000e-01
   endloop
 endfacet
 facet normal  0.000000e+00  0.000000e+00  1.000000e+00
   outer loop
     vertex -1.000000e+01  2.251666e+01  3.000000e-01
     vertex -1.450000e+01  1.991858e+01  3.000000e-01
     vertex -4.500000e+00  2.598076e+00  3.000000e-01
   endloop
 endfacet
 facet normal  0.000000e+00  0.000000e+00  1.000000e+00
   outer loop
     vertex -1.300000e+01  2.771281e+01  3.000000e-01
     vertex -1.750000e+01  2.511474e+01  3.000000e-01
     vertex -1.450000e+01  1.991858e+01  3.000000e-01
   endloop
 endfacet
 facet normal  0.000000e+00  0.000000e+00  1.000000e+00
   outer loop
     vertex -1.300000e+01  2.771281e+01  3.000000e-01
     vertex -1.450000e+01  1.991858e+01  3.000000e-01
     vertex -1.000000e+01  2.251666e+01  3.000000e-01
   endloop
 endfacet
 facet normal  0.000000e+00  0.000000e+00  1.000000e+00
   outer loop
     vertex  3.000000e+01 -1.212436e+01  3.000000e-01
     vertex  2.500000e+01 -1.039230e+01  3.000000e-01
     vertex  2.650000e+01 -1.299038e+01  3.000000e-01
   endloop
 endfacet
 facet normal  0.000000e+00  0.000000e+00  1.000000e+00
   outer loop
     vertex  3.000000e+01 -1.212436e+01  3.000000e-01
     vertex  2.650000e+01 -1.299038e+01  3.000000e-01
     vertex  2.950000e+01 -1.299038e+01  3.000000e-01
   endloop
 endfacet
 facet normal  0.000000e+00  0.000000e+00  1.000000e+00
   outer loop
     vertex -1.800000e+01  3.637307e+01  3.000000e-01
     vertex -2.100000e+01  3.637307e+01  3.000000e-01
     vertex -2.250000e+01  3.377499e+01  3.000000e-01
   endloop
 endfacet
 facet normal  0.000000e+00  0.000000e+00  1.000000e+00
   outer loop
     vertex -7.500000e+00  2.684679e+01  3.000000e-01
     vertex -1.300000e+01  2.771281e+01  3.000000e-01
     vertex -1.000000e+01  2.251666e+01  3.000000e-01
   endloop
 endfacet
 facet normal  0.000000e+00  0.000000e+00  1.000000e+00
   outer loop
     vertex -7.500000e+00  2.684679e+01  3.000000e-01
     vertex -1.200000e+01  2.944486e+01  3.000000e-01
     vertex -1.300000e+01  2.771281e+01  3.000000e-01
   endloop
 endfacet
 facet normal  0.000000e+00  0.000000e+00  1.000000e+00
   outer loop
     vertex  2.700000e+01 -6.928203e+00  3.000000e-01
     vertex  2.500000e+01 -1.039230e+01  3.000000e-01
     vertex  3.000000e+01 -1.212436e+01  3.000000e-01
   endloop
 endfacet
 facet normal  0.000000e+00  0.000000e+00  1.000000e+00
   outer loop
     vertex  3.400000e+01 -1.385641e+01  3.000000e-01
     vertex  3.000000e+01 -1.212436e+01  3.000000e-01
     vertex  3.100000e+01 -1.385641e+01  3.000000e-01
   endloop
 endfacet
 facet normal  0.000000e+00  0.000000e+00  1.000000e+00
   outer loop
     vertex  2.450000e+01 -2.598076e+00  3.000000e-01
     vertex  4.500000e+00  2.598076e+00  3.000000e-01
     vertex  4.500000e+00 -2.598076e+00  3.000000e-01
   endloop
 endfacet
 facet normal  0.000000e+00  0.000000e+00  1.000000e+00
   outer loop
     vertex  3.450000e+01 -9.526279e+00  3.000000e-01
     vertex  3.000000e+01 -1.212436e+01  3.000000e-01
     vertex  3.400000e+01 -1.385641e+01  3.000000e-01
   endloop
 endfacet
 facet normal  0.000000e+00  0.000000e+00  1.000000e+00
   outer loop
     vertex  3.450000e+01 -9.526279e+00  3.000000e-01
     vertex  3.400000e+01 -1.385641e+01  3.000000e-01
     vertex  3.550000e+01 -1.125833e+01  3.000000e-01
   endloop
 endfacet
 facet normal  0.000000e+00  0.000000e+00  1.000000e+00
   outer loop
     vertex -9.000000e+00  3.464102e+01  3.000000e-01
     vertex -1.250000e+01  3.550704e+01  3.000000e-01
     vertex -1.400000e+01  3.290897e+01  3.000000e-01
   endloop
 endfacet
 facet normal  0.000000e+00  0.000000e+00  1.000000e+00
   outer loop
     vertex -9.000000e+00  3.464102e+01  3.000000e-01
     vertex -1.400000e+01  3.290897e+01  3.000000e-01
     vertex -1.200000e+01  2.944486e+01  3.000000e-01
   endloop
 endfacet
 facet normal  0.000000e+00  0.000000e+00  1.000000e+00
   outer loop
     vertex -9.500000e+00  3.550704e+01  3.000000e-01
     vertex -1.250000e+01  3.550704e+01  3.000000e-01
     vertex -9.000000e+00  3.464102e+01  3.000000e-01
   endloop
 endfacet
 facet normal  0.000000e+00  0.000000e+00  1.000000e+00
   outer loop
     vertex  2.450000e+01  2.598076e+00  3.000000e-01
     vertex  4.500000e+00  2.598076e+00  3.000000e-01
     vertex  2.450000e+01 -2.598076e+00  3.000000e-01
   endloop
 endfacet
 facet normal  0.000000e+00  0.000000e+00  1.000000e+00
   outer loop
     vertex  3.150000e+01 -4.330127e+00  3.000000e-01
     vertex  2.700000e+01 -6.928203e+00  3.000000e-01
     vertex  3.000000e+01 -1.212436e+01  3.000000e-01
   endloop
 endfacet
 facet normal  0.000000e+00  0.000000e+00  1.000000e+00
   outer loop
     vertex  3.150000e+01 -4.330127e+00  3.000000e-01
     vertex  3.000000e+01 -1.212436e+01  3.000000e-01
     vertex  3.450000e+01 -9.526279e+00  3.000000e-01
   endloop
 endfacet
 facet normal  0.000000e+00  0.000000e+00  1.000000e+00
   outer loop
     vertex -4.500000e+00  3.204294e+01  3.000000e-01
     vertex -7.500000e+00  2.684679e+01  3.000000e-01
     vertex -3.500000e+00  2.684679e+01  3.000000e-01
   endloop
 endfacet
 facet normal  0.000000e+00  0.000000e+00  1.000000e+00
   outer loop
     vertex -4.500000e+00  3.204294e+01  3.000000e-01
     vertex -3.500000e+00  2.684679e+01  3.000000e-01
     vertex -2.000000e+00  2.944486e+01  3.000000e-01
   endloop
 endfacet
 facet normal  0.000000e+00  0.000000e+00  1.000000e+00
   outer loop
     vertex -4.500000e+00  3.204294e+01  3.000000e-01
     vertex -1.200000e+01  2.944486e+01  3.000000e-01
     vertex -7.500000e+00  2.684679e+01  3.000000e-01
   endloop
 endfacet
 facet normal  0.000000e+00  0.000000e+00  1.000000e+00
   outer loop
     vertex -4.500000e+00  3.204294e+01  3.000000e-01
     vertex -9.000000e+00  3.464102e+01  3.000000e-01
     vertex -1.200000e+01  2.944486e+01  3.000000e-01
   endloop
 endfacet
 facet normal  0.000000e+00  0.000000e+00  1.000000e+00
   outer loop
     vertex  3.050000e+01 -2.598076e+00  3.000000e-01
     vertex  2.450000e+01 -2.598076e+00  3.000000e-01
     vertex  2.700000e+01 -6.928203e+00  3.000000e-01
   endloop
 endfacet
 facet normal  0.000000e+00  0.000000e+00  1.000000e+00
   outer loop
     vertex  3.050000e+01 -2.598076e+00  3.000000e-01
     vertex  2.700000e+01 -6.928203e+00  3.000000e-01
     vertex  3.150000e+01 -4.330127e+00  3.000000e-01
   endloop
 endfacet
 facet normal  0.000000e+00  0.000000e+00  1.000000e+00
   outer loop
     vertex -3.500000e+00  3.204294e+01  3.000000e-01
     vertex -4.500000e+00  3.204294e+01  3.000000e-01
     vertex -2.000000e+00  2.944486e+01  3.000000e-01
   endloop
 endfacet
 facet normal  0.000000e+00  0.000000e+00  1.000000e+00
   outer loop
     vertex  3.700000e+01 -6.928203e+00  3.000000e-01
     vertex  3.450000e+01 -9.526279e+00  3.000000e-01
     vertex  3.550000e+01 -9.526279e+00  3.000000e-01
   endloop
 endfacet
 facet normal  0.000000e+00  0.000000e+00  1.000000e+00
   outer loop
     vertex  3.550000e+01 -4.330127e+00  3.000000e-01
     vertex  3.450000e+01 -9.526279e+00  3.000000e-01
     vertex  3.700000e+01 -6.928203e+00  3.000000e-01
   endloop
 endfacet
 facet normal  0.000000e+00  0.000000e+00  1.000000e+00
   outer loop
     vertex  3.550000e+01 -4.330127e+00  3.000000e-01
     vertex  3.150000e+01 -4.330127e+00  3.000000e-01
     vertex  3.450000e+01 -9.526279e+00  3.000000e-01
   endloop
 endfacet
 facet normal  0.000000e+00  0.000000e+00  1.000000e+00
   outer loop
     vertex -5.000000e+00  3.637307e+01  3.000000e-01
     vertex -9.000000e+00  3.464102e+01  3.000000e-01
     vertex -4.500000e+00  3.204294e+01  3.000000e-01
   endloop
 endfacet
 facet normal  0.000000e+00  0.000000e+00  1.000000e+00
   outer loop
     vertex -5.000000e+00  3.637307e+01  3.000000e-01
     vertex -4.500000e+00  3.204294e+01  3.000000e-01
     vertex -3.500000e+00  3.377499e+01  3.000000e-01
   endloop
 endfacet
 facet normal  0.000000e+00  0.000000e+00  1.000000e+00
   outer loop
     vertex -5.000000e+00  3.637307e+01  3.000000e-01
     vertex -8.000000e+00  3.637307e+01  3.000000e-01
     vertex -9.000000e+00  3.464102e+01  3.000000e-01
   endloop
 endfacet
 facet normal  0.000000e+00  0.000000e+00  1.000000e+00
   outer loop
     vertex  3.050000e+01  2.598076e+00  3.000000e-01
     vertex  2.450000e+01 -2.598076e+00  3.000000e-01
     vertex  3.050000e+01 -2.598076e+00  3.000000e-01
   endloop
 endfacet
 facet normal  0.000000e+00  0.000000e+00  1.000000e+00
   outer loop
     vertex  3.050000e+01  2.598076e+00  3.000000e-01
     vertex  2.450000e+01  2.598076e+00  3.000000e-01
     vertex  2.450000e+01 -2.598076e+00  3.000000e-01
   endloop
 endfacet
 facet normal  0.000000e+00  0.000000e+00  1.000000e+00
   outer loop
     vertex  2.700000e+01  6.928203e+00  3.000000e-01
     vertex  2.450000e+01  2.598076e+00  3.000000e-01
     vertex  3.050000e+01  2.598076e+00  3.000000e-01
   endloop
 endfacet
 facet normal  0.000000e+00  0.000000e+00  1.000000e+00
   outer loop
     vertex  1.450000e+01  1.991858e+01  3.000000e-01
     vertex  4.440892e-16  5.196152e+00  3.000000e-01
     vertex  4.500000e+00  2.598076e+00  3.000000e-01
   endloop
 endfacet
 facet normal  0.000000e+00  0.000000e+00  1.000000e+00
   outer loop
     vertex  1.450000e+01  1.991858e+01  3.000000e-01
     vertex  1.000000e+01  2.251666e+01  3.000000e-01
     vertex  4.440892e-16  5.196152e+00  3.000000e-01
   endloop
 endfacet
 facet normal  0.000000e+00  0.000000e+00  1.000000e+00
   outer loop
     vertex  3.150000e+01  4.330127e+00  3.000000e-01
     vertex  2.700000e+01  6.928203e+00  3.000000e-01
     vertex  3.050000e+01  2.598076e+00  3.000000e-01
   endloop
 endfacet
 facet normal  0.000000e+00  0.000000e+00  1.000000e+00
   outer loop
     vertex  4.500000e+00  3.204294e+01  3.000000e-01
     vertex  3.500000e+00  3.204294e+01  3.000000e-01
     vertex  2.000000e+00  2.944486e+01  3.000000e-01
   endloop
 endfacet
 facet normal  0.000000e+00  0.000000e+00  1.000000e+00
   outer loop
     vertex  4.500000e+00  3.204294e+01  3.000000e-01
     vertex  2.000000e+00  2.944486e+01  3.000000e-01
     vertex  3.500000e+00  2.684679e+01  3.000000e-01
   endloop
 endfacet
 facet normal  0.000000e+00  0.000000e+00  1.000000e+00
   outer loop
     vertex  4.500000e+00  3.204294e+01  3.000000e-01
     vertex  3.500000e+00  2.684679e+01  3.000000e-01
     vertex  7.500000e+00  2.684679e+01  3.000000e-01
   endloop
 endfacet
 facet normal  0.000000e+00  0.000000e+00  1.000000e+00
   outer loop
     vertex  1.300000e+01  2.771281e+01  3.000000e-01
     vertex  7.500000e+00  2.684679e+01  3.000000e-01
     vertex  1.000000e+01  2.251666e+01  3.000000e-01
   endloop
 endfacet
 facet normal  0.000000e+00  0.000000e+00  1.000000e+00
   outer loop
     vertex  5.000000e+00  3.637307e+01  3.000000e-01
     vertex  3.500000e+00  3.377499e+01  3.000000e-01
     vertex  4.500000e+00  3.204294e+01  3.000000e-01
   endloop
 endfacet
 facet normal  0.000000e+00  0.000000e+00  1.000000e+00
   outer loop
     vertex  1.200000e+01  2.944486e+01  3.000000e-01
     vertex  7.500000e+00  2.684679e+01  3.000000e-01
     vertex  1.300000e+01  2.771281e+01  3.000000e-01
   endloop
 endfacet
 facet normal  0.000000e+00  0.000000e+00  1.000000e+00
   outer loop
     vertex  3.000000e+01  1.212436e+01  3.000000e-01
     vertex  2.650000e+01  1.299038e+01  3.000000e-01
     vertex  2.500000e+01  1.039230e+01  3.000000e-01
   endloop
 endfacet
 facet normal  0.000000e+00  0.000000e+00  1.000000e+00
   outer loop
     vertex  3.000000e+01  1.212436e+01  3.000000e-01
     vertex  2.500000e+01  1.039230e+01  3.000000e-01
     vertex  2.700000e+01  6.928203e+00  3.000000e-01
   endloop
 endfacet
 facet normal  0.000000e+00  0.000000e+00  1.000000e+00
   outer loop
     vertex  3.000000e+01  1.212436e+01  3.000000e-01
     vertex  2.700000e+01  6.928203e+00  3.000000e-01
     vertex  3.150000e+01  4.330127e+00  3.000000e-01
   endloop
 endfacet
 facet normal  0.000000e+00  0.000000e+00  1.000000e+00
   outer loop
     vertex  2.950000e+01  1.299038e+01  3.000000e-01
     vertex  2.650000e+01  1.299038e+01  3.000000e-01
     vertex  3.000000e+01  1.212436e+01  3.000000e-01
   endloop
 endfacet
 facet normal  0.000000e+00  0.000000e+00  1.000000e+00
   outer loop
     vertex  1.750000e+01  2.511474e+01  3.000000e-01
     vertex  1.450000e+01  1.991858e+01  3.000000e-01
     vertex  1.950000e+01  1.991858e+01  3.000000e-01
   endloop
 endfacet
 facet normal  0.000000e+00  0.000000e+00  1.000000e+00
   outer loop
     vertex  1.750000e+01  2.511474e+01  3.000000e-01
     vertex  1.000000e+01  2.251666e+01  3.000000e-01
     vertex  1.450000e+01  1.991858e+01  3.000000e-01
   endloop
 endfacet
 facet normal  0.000000e+00  0.000000e+00  1.000000e+00
   outer loop
     vertex  1.750000e+01  2.511474e+01  3.000000e-01
     vertex  1.300000e+01  2.771281e+01  3.000000e-01
     vertex  1.000000e+01  2.251666e+01  3.000000e-01
   endloop
 endfacet
 facet normal  0.000000e+00  0.000000e+00  1.000000e+00
   outer loop
     vertex  4.050000e+01  2.598076e+00  3.000000e-01
     vertex  4.050000e+01 -2.598076e+00  3.000000e-01
     vertex  4.200000e+01  0.000000e+00  3.000000e-01
   endloop
 endfacet
 facet normal  0.000000e+00  0.000000e+00  1.000000e+00
   outer loop
     vertex  9.000000e+00  3.464102e+01  3.000000e-01
     vertex  4.500000e+00  3.204294e+01  3.000000e-01
     vertex  7.500000e+00  2.684679e+01  3.000000e-01
   endloop
 endfacet
 facet normal  0.000000e+00  0.000000e+00  1.000000e+00
   outer loop
     vertex  9.000000e+00  3.464102e+01  3.000000e-01
     vertex  7.500000e+00  2.684679e+01  3.000000e-01
     vertex  1.200000e+01  2.944486e+01  3.000000e-01
   endloop
 endfacet
 facet normal  0.000000e+00  0.000000e+00  1.000000e+00
   outer loop
     vertex  9.000000e+00  3.464102e+01  3.000000e-01
     vertex  5.000000e+00  3.637307e+01  3.000000e-01
     vertex  4.500000e+00  3.204294e+01  3.000000e-01
   endloop
 endfacet
 facet normal  0.000000e+00  0.000000e+00  1.000000e+00
   outer loop
     vertex  3.450000e+01  9.526279e+00  3.000000e-01
     vertex  3.150000e+01  4.330127e+00  3.000000e-01
     vertex  3.550000e+01  4.330127e+00  3.000000e-01
   endloop
 endfacet
 facet normal  0.000000e+00  0.000000e+00  1.000000e+00
   outer loop
     vertex  3.450000e+01  9.526279e+00  3.000000e-01
     vertex  3.550000e+01  4.330127e+00  3.000000e-01
     vertex  3.700000e+01  6.928203e+00  3.000000e-01
   endloop
 endfacet
 facet normal  0.000000e+00  0.000000e+00  1.000000e+00
   outer loop
     vertex  3.450000e+01  9.526279e+00  3.000000e-01
     vertex  3.000000e+01  1.212436e+01  3.000000e-01
     vertex  3.150000e+01  4.330127e+00  3.000000e-01
   endloop
 endfacet
 facet normal  0.000000e+00  0.000000e+00  1.000000e+00
   outer loop
     vertex  8.000000e+00  3.637307e+01  3.000000e-01
     vertex  5.000000e+00  3.637307e+01  3.000000e-01
     vertex  9.000000e+00  3.464102e+01  3.000000e-01
   endloop
 endfacet
 facet normal  0.000000e+00  0.000000e+00  1.000000e+00
   outer loop
     vertex  1.950000e+01  2.511474e+01  3.000000e-01
     vertex  1.750000e+01  2.511474e+01  3.000000e-01
     vertex  1.950000e+01  1.991858e+01  3.000000e-01
   endloop
 endfacet
 facet normal  0.000000e+00  0.000000e+00  1.000000e+00
   outer loop
     vertex  3.550000e+01  9.526279e+00  3.000000e-01
     vertex  3.450000e+01  9.526279e+00  3.000000e-01
     vertex  3.700000e+01  6.928203e+00  3.000000e-01
   endloop
 endfacet
 facet normal  0.000000e+00  0.000000e+00  1.000000e+00
   outer loop
     vertex  2.550000e+01  1.991858e+01  3.000000e-01
     vertex  1.950000e+01  1.991858e+01  3.000000e-01
     vertex  2.150000e+01  1.645448e+01  3.000000e-01
   endloop
 endfacet
 facet normal  0.000000e+00  0.000000e+00  1.000000e+00
   outer loop
     vertex  2.550000e+01  1.991858e+01  3.000000e-01
     vertex  2.150000e+01  1.645448e+01  3.000000e-01
     vertex  2.450000e+01  1.645448e+01  3.000000e-01
   endloop
 endfacet
 facet normal  0.000000e+00  0.000000e+00  1.000000e+00
   outer loop
     vertex  2.550000e+01  1.991858e+01  3.000000e-01
     vertex  2.450000e+01  1.645448e+01  3.000000e-01
     vertex  2.600000e+01  1.905256e+01  3.000000e-01
   endloop
 endfacet
 facet normal  0.000000e+00  0.000000e+00  1.000000e+00
   outer loop
     vertex  1.400000e+01  3.290897e+01  3.000000e-01
     vertex  9.000000e+00  3.464102e+01  3.000000e-01
     vertex  1.200000e+01  2.944486e+01  3.000000e-01
   endloop
 endfacet
 facet normal  0.000000e+00  0.000000e+00  1.000000e+00
   outer loop
     vertex  3.400000e+01  1.385641e+01  3.000000e-01
     vertex  3.450000e+01  9.526279e+00  3.000000e-01
     vertex  3.550000e+01  1.125833e+01  3.000000e-01
   endloop
 endfacet
 facet normal  0.000000e+00  0.000000e+00  1.000000e+00
   outer loop
     vertex  3.400000e+01  1.385641e+01  3.000000e-01
     vertex  3.100000e+01  1.385641e+01  3.000000e-01
     vertex  3.000000e+01  1.212436e+01  3.000000e-01
   endloop
 endfacet
 facet normal  0.000000e+00  0.000000e+00  1.000000e+00
   outer loop
     vertex  3.400000e+01  1.385641e+01  3.000000e-01
     vertex  3.000000e+01  1.212436e+01  3.000000e-01
     vertex  3.450000e+01  9.526279e+00  3.000000e-01
   endloop
 endfacet
 facet normal  0.000000e+00  0.000000e+00  1.000000e+00
   outer loop
     vertex  1.250000e+01  3.550704e+01  3.000000e-01
     vertex  9.500000e+00  3.550704e+01  3.000000e-01
     vertex  9.000000e+00  3.464102e+01  3.000000e-01
   endloop
 endfacet
 facet normal  0.000000e+00  0.000000e+00  1.000000e+00
   outer loop
     vertex  1.250000e+01  3.550704e+01  3.000000e-01
     vertex  9.000000e+00  3.464102e+01  3.000000e-01
     vertex  1.400000e+01  3.290897e+01  3.000000e-01
   endloop
 endfacet
 facet normal  0.000000e+00  0.000000e+00  1.000000e+00
   outer loop
     vertex  2.550000e+01  2.511474e+01  3.000000e-01
     vertex  2.150000e+01  2.857884e+01  3.000000e-01
     vertex  1.950000e+01  2.511474e+01  3.000000e-01
   endloop
 endfacet
 facet normal  0.000000e+00  0.000000e+00  1.000000e+00
   outer loop
     vertex  2.550000e+01  2.511474e+01  3.000000e-01
     vertex  1.950000e+01  2.511474e+01  3.000000e-01
     vertex  1.950000e+01  1.991858e+01  3.000000e-01
   endloop
 endfacet
 facet normal  0.000000e+00  0.000000e+00  1.000000e+00
   outer loop
     vertex  2.550000e+01  2.511474e+01  3.000000e-01
     vertex  1.950000e+01  1.991858e+01  3.000000e-01
     vertex  2.550000e+01  1.991858e+01  3.000000e-01
   endloop
 endfacet
 facet normal  0.000000e+00  0.000000e+00  1.000000e+00
   outer loop
     vertex  2.900000e+01  2.251666e+01  3.000000e-01
     vertex  2.550000e+01  1.991858e+01  3.000000e-01
     vertex  2.750000e+01  1.991858e+01  3.000000e-01
   endloop
 endfacet
 facet normal  0.000000e+00  0.000000e+00  1.000000e+00
   outer loop
     vertex  2.900000e+01  2.251666e+01  3.000000e-01
     vertex  2.550000e+01  2.511474e+01  3.000000e-01
     vertex  2.550000e+01  1.991858e+01  3.000000e-01
   endloop
 endfacet
 facet normal  0.000000e+00  0.000000e+00  1.000000e+00
   outer loop
     vertex  2.750000e+01  2.511474e+01  3.000000e-01
     vertex  2.550000e+01  2.511474e+01  3.000000e-01
     vertex  2.900000e+01  2.251666e+01  3.000000e-01
   endloop
 endfacet
 facet normal  0.000000e+00  0.000000e+00  1.000000e+00
   outer loop
     vertex  2.450000e+01  2.857884e+01  3.000000e-01
     vertex  2.150000e+01  2.857884e+01  3.000000e-01
     vertex  2.550000e+01  2.511474e+01  3.000000e-01
   endloop
 endfacet
 facet normal  0.000000e+00  0.000000e+00  1.000000e+00
   outer loop
     vertex  2.450000e+01  2.857884e+01  3.000000e-01
     vertex  2.550000e+01  2.511474e+01  3.000000e-01
     vertex  2.600000e+01  2.598076e+01  3.000000e-01
   endloop
 endfacet
 facet normal  0.000000e+00  0.000000e+00  1.000000e+00
   outer loop
     vertex  2.100000e+01  3.637307e+01  3.000000e-01
     vertex  1.800000e+01  3.637307e+01  3.000000e-01
     vertex  2.250000e+01  3.377499e+01  3.000000e-01
   endloop
 endfacet
 facet normal  0.000000e+00  0.000000e+00  1.000000e+00
   outer loop
     vertex  4.050000e+01  2.598076e+00  3.000000e-01
     vertex  3.050000e+01  2.598076e+00  3.000000e-01
     vertex  3.050000e+01 -2.598076e+00  3.000000e-01
   endloop
 endfacet
 facet normal  0.000000e+00  0.000000e+00  1.000000e+00
   outer loop
     vertex  4.050000e+01  2.598076e+00  3.000000e-01
     vertex  3.050000e+01 -2.598076e+00  3.000000e-01
     vertex  4.050000e+01 -2.598076e+00  3.000000e-01
   endloop
 endfacet
 facet normal  0.000000e+00 -0.000000e+00  1.000000e+00
   outer loop
     vertex  1.750000e+01  2.511474e+01  3.000000e-01
     vertex  2.250000e+01  3.377499e+01  3.000000e-01
     vertex  1.300000e+01  2.771281e+01  3.000000e-01
   endloop
 endfacet
 facet normal  0.000000e+00  0.000000e+00  1.000000e+00
   outer loop
     vertex  1.300000e+01  2.771281e+01  3.000000e-01
     vertex  2.250000e+01  3.377499e+01  3.000000e-01
     vertex  1.800000e+01  3.637307e+01  3.000000e-01
   endloop
 endfacet
 facet normal  0.000000e+00  0.000000e+00  1.000000e+00
   outer loop
     vertex -1.300000e+01  2.771281e+01  3.000000e-01
     vertex -1.800000e+01  3.637307e+01  3.000000e-01
     vertex -2.250000e+01  3.377499e+01  3.000000e-01
   endloop
 endfacet
 facet normal  0.000000e+00  0.000000e+00  1.000000e+00
   outer loop
     vertex -1.300000e+01  2.771281e+01  3.000000e-01
     vertex -2.250000e+01  3.377499e+01  3.000000e-01
     vertex -1.750000e+01  2.511474e+01  3.000000e-01
   endloop
 endfacet
 facet normal -0.000000e+00  0.000000e+00  1.000000e+00
   outer loop
     vertex -4.050000e+01 -2.598076e+00  3.000000e-01
     vertex -3.050000e+01 -2.598076e+00  3.000000e-01
     vertex -3.050000e+01  2.598076e+00  3.000000e-01
   endloop
 endfacet
 facet normal  0.000000e+00  0.000000e+00  1.000000e+00
   outer loop
     vertex -4.050000e+01 -2.598076e+00  3.000000e-01
     vertex -3.050000e+01  2.598076e+00  3.000000e-01
     vertex -4.050000e+01  2.598076e+00  3.000000e-01
   endloop
 endfacet
 facet normal  0.000000e+00  0.000000e+00  1.000000e+00
   outer loop
     vertex -1.750000e+01 -2.511474e+01  3.000000e-01
     vertex -2.250000e+01 -3.377499e+01  3.000000e-01
     vertex -1.300000e+01 -2.771281e+01  3.000000e-01
   endloop
 endfacet
 facet normal  0.000000e+00 -0.000000e+00  1.000000e+00
   outer loop
     vertex -1.800000e+01 -3.637307e+01  3.000000e-01
     vertex -1.300000e+01 -2.771281e+01  3.000000e-01
     vertex -2.250000e+01 -3.377499e+01  3.000000e-01
   endloop
 endfacet
 facet normal -0.000000e+00  0.000000e+00  1.000000e+00
   outer loop
     vertex  1.300000e+01 -2.771281e+01  3.000000e-01
     vertex  1.800000e+01 -3.637307e+01  3.000000e-01
     vertex  1.750000e+01 -2.511474e+01  3.000000e-01
   endloop
 endfacet
 facet normal  0.000000e+00  0.000000e+00  1.000000e+00
   outer loop
     vertex  2.250000e+01 -3.377499e+01  3.000000e-01
     vertex  1.750000e+01 -2.511474e+01  3.000000e-01
     vertex  1.800000e+01 -3.637307e+01  3.000000e-01
   endloop
 endfacet
endsolid
